answer_id,document_id,question_id,text,answer_start,answer_end,answer_category,question,file_name,context
727053,1364596,666093,"1,8 m³/km/jour",257,271,,Quel est la valeur de l'indice linéaire de pertes global? ,data(1).txt,"130
VI - 7 – La performance des services
VI – 7 – 1 - Qualité de l’eau distribuée
• 100% de c onformité aux limites de qualité d’eau microbiologiques et physicochimiques
• Un r
endement global de réseau à 90,7 %
• Un bon indic
e linéaire de pertes global à 1,8 m³/km/jour
• Un indic
e de connaissance et de gestion patrimoniale de 115/120 à l’échelle de la Collectivité
• 0
,92 % de renouvellement du réseau en moyenne sur les 5 dernières années
La qualité de l’eau distribuée est testée en de nombreux points du réseau de distribution. Les résultats des 
contrôles de la"
726677,1364561,665747,"10,06",756,761,,Quelle est la valeur de P256.2 ?,data(12).txt,"e si la collectivité aﬀecte à ce remboursement la totalité de l'autoﬁnancement dégagé par le service ou épargne brute annuelle (recettes réelles – dépenses réelles, calculée selon les modalités prescrites par l'instruction comptable M49).
Pour l'année 2020, la durée d’extinction de la dette est 
de 10,06 ans, contre 8,8 ans en 2019 (budget annexe 
assainissement).TAUX D'IMPAYÉS SUR LES FACTURES  
DE L 'ANNÉE PRÉCÉDENTE /parenleft.caseP257.0/parenright.case
Ne sont ici considérées que les seules factures portant sur l'assainissement collectif proprement dit. Sont donc exclues les factures de réalisa"
727119,1364611,666159, 3 893,326,332,,Quelle est la quantité de boues issues des ouvrages d'épuration ?,data(15).txt,"rformances  
 
D201.0 – Estimation du nombre d'habitants desservis  
 213 372  habitants desservis  
D202.0 – Nombre d’autorisations de déversement 
d’effluents d’établissements industriels au réseau de 
collecte des eaux usées  
 18 
 
D203.0  – Quantité de boues issues des ouvrages 
d’épuration  
 3 893 T de MS  
 
Prix TTC du service au m³ pour 120 m³ (sans les 
abonnements)  
 2,30 € TTC/m3 pour un service 
exploité par la RESE  
D204.0 – Prix TTC du service au m³ pour 120 m³  
(avec les abonnements)  
 3,33 € TTC/m3 pour un service 
exploité par la RESE  
P201.1  – Taux de desserte par des rése"
727129,1364611,666169,"0,0516",1072,1078,,Quelle est la valeur du taux de débordements d'effluents chez les usagers? ,data(15).txt,"s  
 75 
P206.3 – Taux de boues issues des ouvrages 
d’épuration évacuées selon des filières conformes à la 
réglementation  
 100 %  
P207.0  – Montant des abandons de créa nce ou des 
versements à un fonds de solidarité  
 0,002 €/m3 
P251.1 – Taux de débordements d’effluents chez les 
usagers  
 0,0516 pour 1  000 abonnés  
P252.2 – Points de curage fréquent du réseau  
  4,361  pour 100 km de réseaux  
P253.2 – Taux de renouvellement des réseaux de 
collecte des eaux usées  
 0,40 % 
P254.3 – Conformité des performances des 
équipements d’épuration  
 94,3 % 
P255.3 – Indice de connaissance des "
727130,1364611,666170,"0,40 % ",1257,1264,,Quelle est la valeur de P253.2?,data(15).txt,"
versements à un fonds de solidarité  
 0,002 €/m3 
P251.1 – Taux de débordements d’effluents chez les 
usagers  
 0,0516 pour 1  000 abonnés  
P252.2 – Points de curage fréquent du réseau  
  4,361  pour 100 km de réseaux  
P253.2 – Taux de renouvellement des réseaux de 
collecte des eaux usées  
 0,40 % 
P254.3 – Conformité des performances des 
équipements d’épuration  
 94,3 % 
P255.3 – Indice de connaissance des rejets au milieu 
naturel  
 105 
P256.2 - Durée d’extinction de la dette de la collectivité  
(diffère du calcul comptable présenté précédemment. 
L’indicateur P25 6.2 = Encours total d"
727055,1364596,666095,"0
,92 %",372,379,,Quel est le taux de renouvellement ?,data(1).txt,"istribuée
• 100% de c onformité aux limites de qualité d’eau microbiologiques et physicochimiques
• Un r
endement global de réseau à 90,7 %
• Un bon indic
e linéaire de pertes global à 1,8 m³/km/jour
• Un indic
e de connaissance et de gestion patrimoniale de 115/120 à l’échelle de la Collectivité
• 0
,92 % de renouvellement du réseau en moyenne sur les 5 dernières années
La qualité de l’eau distribuée est testée en de nombreux points du réseau de distribution. Les résultats des 
contrôles de la qualité de l’eau potable réalisés par l’ARS sont consultables pour chaque commune sur le site Internet du M"
727131,1364611,666171," 0,40 % ",1256,1264,,Quel est le taux de renouvellement des réseaux de collecte des eaux usées? ,data(15).txt," 
versements à un fonds de solidarité  
 0,002 €/m3 
P251.1 – Taux de débordements d’effluents chez les 
usagers  
 0,0516 pour 1  000 abonnés  
P252.2 – Points de curage fréquent du réseau  
  4,361  pour 100 km de réseaux  
P253.2 – Taux de renouvellement des réseaux de 
collecte des eaux usées  
 0,40 % 
P254.3 – Conformité des performances des 
équipements d’épuration  
 94,3 % 
P255.3 – Indice de connaissance des rejets au milieu 
naturel  
 105 
P256.2 - Durée d’extinction de la dette de la collectivité  
(diffère du calcul comptable présenté précédemment. 
L’indicateur P25 6.2 = Encours total d"
727132,1364611,666172," 94,3 %",1333,1340,,Quelle est la valeur de P254.3? ,data(15).txt,"ments d’effluents chez les 
usagers  
 0,0516 pour 1  000 abonnés  
P252.2 – Points de curage fréquent du réseau  
  4,361  pour 100 km de réseaux  
P253.2 – Taux de renouvellement des réseaux de 
collecte des eaux usées  
 0,40 % 
P254.3 – Conformité des performances des 
équipements d’épuration  
 94,3 % 
P255.3 – Indice de connaissance des rejets au milieu 
naturel  
 105 
P256.2 - Durée d’extinction de la dette de la collectivité  
(diffère du calcul comptable présenté précédemment. 
L’indicateur P25 6.2 = Encours total de la dette / 
Epargne brute annuelle)   
 
 0,84 années  
P257.0 – Taux d'im"
727134,1364611,666174, 105 ,1406,1411,,Quelle est la valeur de P255.3?,data(15).txt,"2 – Points de curage fréquent du réseau  
  4,361  pour 100 km de réseaux  
P253.2 – Taux de renouvellement des réseaux de 
collecte des eaux usées  
 0,40 % 
P254.3 – Conformité des performances des 
équipements d’épuration  
 94,3 % 
P255.3 – Indice de connaissance des rejets au milieu 
naturel  
 105 
P256.2 - Durée d’extinction de la dette de la collectivité  
(diffère du calcul comptable présenté précédemment. 
L’indicateur P25 6.2 = Encours total de la dette / 
Epargne brute annuelle)   
 
 0,84 années  
P257.0 – Taux d'impayés sur les factures d'eau de 
l'année précédente  
 2,11% pour les s"
727133,1364611,666173,"94,3 %",1334,1340,,Quelle est la valeur de la conformité des performances des équipements d'épuration? ,data(15).txt,"ents d’effluents chez les 
usagers  
 0,0516 pour 1  000 abonnés  
P252.2 – Points de curage fréquent du réseau  
  4,361  pour 100 km de réseaux  
P253.2 – Taux de renouvellement des réseaux de 
collecte des eaux usées  
 0,40 % 
P254.3 – Conformité des performances des 
équipements d’épuration  
 94,3 % 
P255.3 – Indice de connaissance des rejets au milieu 
naturel  
 105 
P256.2 - Durée d’extinction de la dette de la collectivité  
(diffère du calcul comptable présenté précédemment. 
L’indicateur P25 6.2 = Encours total de la dette / 
Epargne brute annuelle)   
 
 0,84 années  
P257.0 – Taux d'im"
727135,1364611,666175, 105 ,1406,1411,,Quel est l'indice de connaissance des rejets au milieu naturel ? ,data(15).txt,"2 – Points de curage fréquent du réseau  
  4,361  pour 100 km de réseaux  
P253.2 – Taux de renouvellement des réseaux de 
collecte des eaux usées  
 0,40 % 
P254.3 – Conformité des performances des 
équipements d’épuration  
 94,3 % 
P255.3 – Indice de connaissance des rejets au milieu 
naturel  
 105 
P256.2 - Durée d’extinction de la dette de la collectivité  
(diffère du calcul comptable présenté précédemment. 
L’indicateur P25 6.2 = Encours total de la dette / 
Epargne brute annuelle)   
 
 0,84 années  
P257.0 – Taux d'impayés sur les factures d'eau de 
l'année précédente  
 2,11% pour les s"
727136,1364611,666176,"2,11",1695,1699,,Quel est le taux d'impayés sur les factures d'eau de l'année précédente ?,data(15).txt,"
naturel  
 105 
P256.2 - Durée d’extinction de la dette de la collectivité  
(diffère du calcul comptable présenté précédemment. 
L’indicateur P25 6.2 = Encours total de la dette / 
Epargne brute annuelle)   
 
 0,84 années  
P257.0 – Taux d'impayés sur les factures d'eau de 
l'année précédente  
 2,11% pour les services exploités par 
la RESE  
P258.1 – Taux de réclamations  
  0,20 pour 1000 abonnés  
  "
727138,1364611,666178,"0,20 ",1778,1783,,Quel est le taux de réclamation ? ,data(15).txt,"ère du calcul comptable présenté précédemment. 
L’indicateur P25 6.2 = Encours total de la dette / 
Epargne brute annuelle)   
 
 0,84 années  
P257.0 – Taux d'impayés sur les factures d'eau de 
l'année précédente  
 2,11% pour les services exploités par 
la RESE  
P258.1 – Taux de réclamations  
  0,20 pour 1000 abonnés  
  "
727137,1364611,666177," 2,11",1694,1699,,Quelle est la valeur de P257.0?,data(15).txt," 
naturel  
 105 
P256.2 - Durée d’extinction de la dette de la collectivité  
(diffère du calcul comptable présenté précédemment. 
L’indicateur P25 6.2 = Encours total de la dette / 
Epargne brute annuelle)   
 
 0,84 années  
P257.0 – Taux d'impayés sur les factures d'eau de 
l'année précédente  
 2,11% pour les services exploités par 
la RESE  
P258.1 – Taux de réclamations  
  0,20 pour 1000 abonnés  
  "
727139,1364611,666179,"0,20",1778,1782,,Quelle est la valeur de P258.1? ,data(15).txt,"ère du calcul comptable présenté précédemment. 
L’indicateur P25 6.2 = Encours total de la dette / 
Epargne brute annuelle)   
 
 0,84 années  
P257.0 – Taux d'impayés sur les factures d'eau de 
l'année précédente  
 2,11% pour les services exploités par 
la RESE  
P258.1 – Taux de réclamations  
  0,20 pour 1000 abonnés  
  "
727142,1364616,666182,100% ,986,991,,Quel est la valeur de P101.1?,data(20).txt,"iques  7 0 7 0 
 
Le taux de conformité est calculé selon la formule suivante  : 
 
Cet indicateur est demandé si le service dessert plus de 5000 habitants ou produit plus de 1000 m3/jour. 
 
Analyses Taux de conformité 
exercice 2018 Taux de conformité 
exercice 2019 
Microbiologie (P101.1)  100 % 100% 
Paramètres physico -chimiques (P102.1)  100 % 100% 
 
3.2. Indice de connaissance et de gestion patrimoniale des réseaux 
(P103.2B)  
  
L’indice de connaissance et de gestion patrimoniale des réseaux d’eau potable a évolué en 2013 (indice modifié par 
arrêté du 2 décembre 2013). De nouvelles modal"
727140,1364614,666180,989,341,344,,"Quelle est la valeur de D101.1?
",data(18).txt,"vie (D101.1) 
  
Est ici considérée comme un habitant desservi toute personne – y compris les résidents saisonniers – domiciliée 
dans une zone où il existe à proximité une antenne du réseau public d’eau potable sur laquelle elle est ou peut être 
raccordée. 
Le service public d’eau potable dessert 989 habitants au 31/12/2019 (968 au 31/12/2018). 
 
1.4. Nombre d’abonnés 
  
Les abonnés domestiques et assimilés sont ceux redevables à l’agence de l’eau au titre de la pollution de l’eau 
d’origine domestique en application de l’article L213-10-3 du Code de l’environnement. 
 
Le service public d’ea"
727141,1364614,666181, 989,340,344,,Quelle est la valeur de l'estimation de population desservie? ,data(18).txt,"rvie (D101.1) 
  
Est ici considérée comme un habitant desservi toute personne – y compris les résidents saisonniers – domiciliée 
dans une zone où il existe à proximité une antenne du réseau public d’eau potable sur laquelle elle est ou peut être 
raccordée. 
Le service public d’eau potable dessert 989 habitants au 31/12/2019 (968 au 31/12/2018). 
 
1.4. Nombre d’abonnés 
  
Les abonnés domestiques et assimilés sont ceux redevables à l’agence de l’eau au titre de la pollution de l’eau 
d’origine domestique en application de l’article L213-10-3 du Code de l’environnement. 
 
Le service public d’ea"
727143,1364616,666183,100% ,986,991,,Quel est le taux de conformité en microbiologie? ,data(20).txt,"iques  7 0 7 0 
 
Le taux de conformité est calculé selon la formule suivante  : 
 
Cet indicateur est demandé si le service dessert plus de 5000 habitants ou produit plus de 1000 m3/jour. 
 
Analyses Taux de conformité 
exercice 2018 Taux de conformité 
exercice 2019 
Microbiologie (P101.1)  100 % 100% 
Paramètres physico -chimiques (P102.1)  100 % 100% 
 
3.2. Indice de connaissance et de gestion patrimoniale des réseaux 
(P103.2B)  
  
L’indice de connaissance et de gestion patrimoniale des réseaux d’eau potable a évolué en 2013 (indice modifié par 
arrêté du 2 décembre 2013). De nouvelles modal"
727121,1364611,666161,"3,33 ",539,544,,Quelle est la valeur de D204.0?,data(15).txt,"des eaux usées  
 18 
 
D203.0  – Quantité de boues issues des ouvrages 
d’épuration  
 3 893 T de MS  
 
Prix TTC du service au m³ pour 120 m³ (sans les 
abonnements)  
 2,30 € TTC/m3 pour un service 
exploité par la RESE  
D204.0 – Prix TTC du service au m³ pour 120 m³  
(avec les abonnements)  
 3,33 € TTC/m3 pour un service 
exploité par la RESE  
P201.1  – Taux de desserte par des réseaux de collecte 
des eaux usées  
 95,7 % 
P202.2 – Indice de connaissance et de gestion 
patrimoniale des réseaux de collecte des eaux usées  
 75 
P206.3 – Taux de boues issues des ouvrages 
d’épuration évacuée"
727112,1364610,666152," 2,285 m3/km/jour ",1309,1327,,Quel est l'indice linéaire des volumes non comptés ? ,data(14).txt,"x abonnés. Sa valeur et son évolution sont le reflet du déploiement de la 
politique de comptage aux points de livraison d es abonnés et de l'efficacité de la gestion du réseau.  
 
Pour l'année 20 21, l’indice linéaire des volumes non comptés est :  
 
1 593 135 – 1 277 878                        = 2,285 m3/km/jour  
             365 x 378 
"
727144,1364616,666184,100% ,1038,1043,,Quelle est la valeur de P102.1 ?,data(20).txt,"selon la formule suivante  : 
 
Cet indicateur est demandé si le service dessert plus de 5000 habitants ou produit plus de 1000 m3/jour. 
 
Analyses Taux de conformité 
exercice 2018 Taux de conformité 
exercice 2019 
Microbiologie (P101.1)  100 % 100% 
Paramètres physico -chimiques (P102.1)  100 % 100% 
 
3.2. Indice de connaissance et de gestion patrimoniale des réseaux 
(P103.2B)  
  
L’indice de connaissance et de gestion patrimoniale des réseaux d’eau potable a évolué en 2013 (indice modifié par 
arrêté du 2 décembre 2013). De nouvelles modalités de calcul ayant été définies, les valeurs d’ind"
727145,1364616,666185,100% ,1038,1043,,Quel est le taux de conformité des parmaètres physico-chimiques ? ,data(20).txt,"selon la formule suivante  : 
 
Cet indicateur est demandé si le service dessert plus de 5000 habitants ou produit plus de 1000 m3/jour. 
 
Analyses Taux de conformité 
exercice 2018 Taux de conformité 
exercice 2019 
Microbiologie (P101.1)  100 % 100% 
Paramètres physico -chimiques (P102.1)  100 % 100% 
 
3.2. Indice de connaissance et de gestion patrimoniale des réseaux 
(P103.2B)  
  
L’indice de connaissance et de gestion patrimoniale des réseaux d’eau potable a évolué en 2013 (indice modifié par 
arrêté du 2 décembre 2013). De nouvelles modalités de calcul ayant été définies, les valeurs d’ind"
726502,1364517,665606," 99,8 % ",974,982,,Quelle est la valeur de P101.1?,data.txt,"e prélèvements non conformes
Nombre de prélèvements réalisés 
Cet indicateur est demandé si le service dessert plus de 5 000 
habitants ou produit plus de 1 000 m3/jour. 
Les taux de conformité sur la Métropole en 2020 ont été 
calculés à partir de plus de 500 prélèvements et sont en moyenne de  :
• 99,8 % en terme de microbiologie• 100 % en terme de physico-chimie.La conformité de l’eau distribuée tient compte de :-  limites de qualité, qui sont des normes à respecter 
obligatoirement (absence de bactéries, taux de nitrates, 
pesticides, plomb…) ;
-  références de qualité, qui regroupent des indicate"
726504,1364517,665608, 100 %,1008,1014,,Quelle est la valeur de P101.2 ?,data.txt,"e de prélèvements réalisés 
Cet indicateur est demandé si le service dessert plus de 5 000 
habitants ou produit plus de 1 000 m3/jour. 
Les taux de conformité sur la Métropole en 2020 ont été 
calculés à partir de plus de 500 prélèvements et sont en moyenne de  :
• 99,8 % en terme de microbiologie• 100 % en terme de physico-chimie.La conformité de l’eau distribuée tient compte de :-  limites de qualité, qui sont des normes à respecter 
obligatoirement (absence de bactéries, taux de nitrates, 
pesticides, plomb…) ;
-  références de qualité, qui regroupent des indicateurs de 
qualité témoins du fonct"
726505,1364517,665609,107 ,4037,4041,,Quelle est la valeur de P103.2B,data.txt,"ort et de distribution d’eau potable (10 points), ni d’un inventaire descriptif des réseaux précisant la date de pose, les matériaux utilisés et les diamètres des canalisations (30 points). 
Pour la Métropole, cet indicateur varie de 70 à 120 points 
selon les communes, soit une moyenne pondérée de 107 
points sur 120, contre 97 sur 120 en 2019. Ces disparités d’une commune à l’autre s’expliquent notamment par le fait que l’ensemble des plans disponibles ne sont pas tous au même niveau de précision et de ﬁabilité des données. Le travail conséquent de vériﬁcation, d’intégration et de mise à jour da"
727123,1364611,666163,75 ,777,780,,Quelle est la valeur de P202.2?,data(15).txt," TTC du service au m³ pour 120 m³  
(avec les abonnements)  
 3,33 € TTC/m3 pour un service 
exploité par la RESE  
P201.1  – Taux de desserte par des réseaux de collecte 
des eaux usées  
 95,7 % 
P202.2 – Indice de connaissance et de gestion 
patrimoniale des réseaux de collecte des eaux usées  
 75 
P206.3 – Taux de boues issues des ouvrages 
d’épuration évacuées selon des filières conformes à la 
réglementation  
 100 %  
P207.0  – Montant des abandons de créa nce ou des 
versements à un fonds de solidarité  
 0,002 €/m3 
P251.1 – Taux de débordements d’effluents chez les 
usagers  
 0,0516 p"
727122,1364611,666162,"95,7",667,671,,Quelle est la valeur de P201.1? ,data(15).txt," m³ pour 120 m³ (sans les 
abonnements)  
 2,30 € TTC/m3 pour un service 
exploité par la RESE  
D204.0 – Prix TTC du service au m³ pour 120 m³  
(avec les abonnements)  
 3,33 € TTC/m3 pour un service 
exploité par la RESE  
P201.1  – Taux de desserte par des réseaux de collecte 
des eaux usées  
 95,7 % 
P202.2 – Indice de connaissance et de gestion 
patrimoniale des réseaux de collecte des eaux usées  
 75 
P206.3 – Taux de boues issues des ouvrages 
d’épuration évacuées selon des filières conformes à la 
réglementation  
 100 %  
P207.0  – Montant des abandons de créa nce ou des 
versements à "
727146,1364617,666186,"e 0,36%",840,847,,Quelle est la valeur de P107.2?,data(21).txt,"isées, même si un élément de canalisation a été remplacé. 
 
Exercice 2015 2016 2017 2018 2019 
Linéaire renouvelé en km    0 0.2 
 
Au cours des 5 dernières années, 0,2 km de linéaire de réseau ont été renouvelés. 
 
Pour l'année 2019, le taux moyen de renouvellement des réseaux d’eau potable est de 0,36% (0 en 2018). 
3.4. Indice d'avancement de protection des ressources en eau (P108.3) 
  
La réglementation définit une procédure particulière pour la protection des ressources en eau (captage, forage, etc.). 
En fonction de l'état d'avancement de la procédure, un indice est déterminé selon le barème"
726550,1364533,665651, 84 %,5788,5793,,Quelle est la valeur de P104.3?,data(1).txt,"ser par le consommateur. Cependant, ce chiﬀre est à relativiser car il est basé sur une moyenne des données connues. Or, en grande majorité, ce sont les communes les plus importantes et donc les plus urbaines qui renseignent cet indicateur.
* VC: volume consommé
Le rendement calculé est, en 2020, de 84 % en moyenne pour les 10 communes gérées par la Métropole, que ce soit en régie ou en délégation de service public, contre 81,3 % en 2019 et 80,5 % en 2018.
Plusieurs précisions sont à apporter :-Le rendement prend également en compte les achats et 
ventes d’eau vers des collectivités extérieures qui"
727147,1364617,666187," 0,36",841,846,,Quelle est la valeur du taux moyen de renouvellement des réseaux d'eau potable ?,data(21).txt,"sées, même si un élément de canalisation a été remplacé. 
 
Exercice 2015 2016 2017 2018 2019 
Linéaire renouvelé en km    0 0.2 
 
Au cours des 5 dernières années, 0,2 km de linéaire de réseau ont été renouvelés. 
 
Pour l'année 2019, le taux moyen de renouvellement des réseaux d’eau potable est de 0,36% (0 en 2018). 
3.4. Indice d'avancement de protection des ressources en eau (P108.3) 
  
La réglementation définit une procédure particulière pour la protection des ressources en eau (captage, forage, etc.). 
En fonction de l'état d'avancement de la procédure, un indice est déterminé selon le barèm"
726580,1364536,665678," 2,88",927,932,,Quelle est la valeur de P154.0 ?,data(4).txt,"r s’eﬀectue comme suit :
Montant d'impayés au titre de l'année précédente 
tel que connu au 31 décembre de l'année en cours
Chiﬀre d'aﬀaire TTC (hors travaux) 
au titre de l'année précédente
Pour les communes gérées en régie, ces données relèvent 
du Trésor Public et font état d’un taux d’impayés de 2,88 % 
sur le budget eau. A noter que ce chiﬀre prend en compte l’ensemble des produits à recouvrer et non uniquement les factures de vente d’eau comme le prévoit la réglementation. La moyenne nationale 2018 s’établit à 1,83 % .
TAUX DE RÉCLAMATIONS /parenleft.caseP155.1/parenright.case
Cet indicateur "
726557,1364534,665657,"8,9",1233,1236,,Quelle est la valeur de P105.3,data(2).txt,"et de l'eﬃcacité de la gestion du réseau.
Le calcul de cet indicateur s’eﬀectue comme suit :
Indice linéaire des volumes non comptés  
(m³ / km / jour) =
Volume mis en distribution  -  Volume comptabilisé
Longueur du réseau (hors branchements) x 365 ou 366
La valeur moyenne pour la Métropole est de 8,9 m³/km /
jour contre 10,2 m³/km /jour en 2019, en légère amélioration.A titre d’information, la moyenne en France en 2018 était de 
3,5 m³ / km / jour.
INDICE LINÉAIRE  DE PERTES  
EN RÉSEAU /parenleft.caseP106.3/parenright.case
L'indice linéaire des pertes en réseau évalue, en les rapportant à la l"
726561,1364534,665661,"  8,0",2570,2575,,Quelle est la valeur de P106.3,data(2).txt,"ibles de l’étanchéité d’un réseau...). Une grille de lecture permettant de décrypter les résultats d’un indice linéaire de pertes en terme de performance pour les diﬀérentes catégories de collectivités suivantes a été mise au point par les Agences de l’Eau :La valeur moyenne pour la Métropole est de  8,0 m
3 / km / jour contre 9,5 m3 / km / jour en 2019, en légère 
amélioration, ce qui donne, pour un réseau « intermédiaire » (46 abonnés par km de réseau), un qualiﬁcatif de « moyen», à nuancer selon les secteurs.
* D représente la densité linéaire d'abonnés exprimée en nombre d'abonnés / km de résea"
726565,1364534,665664,"0,6",3835,3838,,Quelle est la valeur de P107.2,data(2).txt,"Métropole 
est compétente en eau potable depuis 2017 seulement, cet indicateur a été calculé en prenant en compte le linéaire renouvelé sur les 4 dernières années (2017- 2018 – 2019 - 2020). Ainsi, 27,6 kilomètres ont été renouvelés sur 
ces 4 années, soit un taux de renouvellement de 0,6 % (contre 0,6 % en 2019). Le taux de renouvellement moyen en France s’établit en 2018 à 0,63 % (sur 5 ans).
Quelques exemples de travaux menés en 2020 sont cités dans le paragraphe Principaux investissements 2020.Type selon
D(*)Rural
(D < 25)Intermédiaire
(25 ≤ D < 50)Urbain
(50 ≤ D)
Très bon ILP < 1,5 ILP < 3 I"
726581,1364536,665679,"1,2",1730,1733,,Qu'elle est la valeur de l'indicateur P155.1 ?,data(4).txt," y compris celles qui sont liées au règlement de service).
Le calcul de cet indicateur s’eﬀectue comme suit :
Nombre de réclamations (hors prix) laissant  
une trace écrite
Nombre total d'abonnés du service
Pour cette année 2019, le taux de réclamations pour les 
communes en régie est de l’ordre de 1,2 pour 1000 
abonnés (50 réclamations écrites) contre 0,8 pour 1000 abonnés en 2019 (30 réclamations écrites). La moyenne nationale 2018 s’établit à 3,4 réclamations pour 1000 abonnés .
FINANCEMENT  
DES INVESTISSEMENTS
PRINCIPAUX INVESTISSEMENTS 2020
Les dépenses d'investissement 2020 s'élèvent  
9,"
726584,1364536,665682,"6,2 ",4588,4592,,Quelle est la valeur de l'indicateur P153.2?,data(4).txt,"la totalité de l'autoﬁnancement dégagé par le service ou épargne brute annuelle (recettes réelles – dépenses réelles).
Le calcul de cet indicateur s’eﬀectue comme suit :
Encours de la dette au 31 décembre de l'exercice
Epargne brute annuelle
Pour l'année 2019, la durée d’extinction de la dette est 
6,2 ans contre 7,7 ans en 2019 (budget annexe de l’eau 
potable).x 1000
x 100
x 1000x 100"
726595,1364538,665693,"0,0018€ / m³",799,811,,Quelle est la valeur de P109.0?,data(5).txt,"ale et des familles (Fonds de Solidarité Logement, par exemple) pour aider les personnes en diﬃculté,
•  les abandons de créance à caractère social liées aux 
factures d’eau votés au cours de l'année par l'assemblée délibérante de la collectivité.
En 2020, cet indicateur se chiﬀre à 21 319 € (soit 
0,0018€ / m³ comptabilisé), répartis comme suit :
• 18 567,91 € au titre des abandons de créances,
•  2 751 € au titre du FSL (16 foyers aidés pour l’ensemble 
de la Métropole).
La moyenne nationale 2018 est de 0,005 € / m³ comptabilisé.
OPÉRATIONS DE COOPÉRATION 
DÉCENTRALISÉE
La loi ""Oudin-Santini"" du 9 févri"
726571,1364535,665670,80,2408,2410,,Quelle est la valeur de P108.3,data(3).txt,"ges, il est nécessaire de poursuivre la procédure de mise en place des périmètres de protection du site avec l’ouverture d’une enquête publique en vue de la déclaration d’utilité publique.
L’indice global d’avancement de la protection des ressources utilisées pour Clermont Auvergne Métropole est de 80 % pour les communes gérées en régie et 72 
% si l’on prend en compte les communes gérées en délégation de service public, contre respectivement 84% et 76% en 2019. Ces variations peuvent s’expliquer par le mode de calcul qui prend en compte le poids de chaque ressource dans la production qui varie "
726671,1364559,665741,43,2330,2332,,Combien y a t-il de points noirs du réseau de collecte? ,data(10).txt,"rité, etc.).
Sont à prendre en compte les interventions sur les parties 
publiques des branchements et – si l'intervention est liée à un défaut situé sur le réseau public – dans les parties privatives des usagers.
Pour l'exercice 2020, on dénombre, sur le territoire géré en 
régie par la Métropole, 43 points noirs (rues ou quartiers), 
soit 4 points noirs par 100 km de réseau.   
La moyenne nationale 2017 est de 5,1 points noirs pour  
100 km de réseau.
• Aubière : avenue de Cournon, secteur du ciné-dôme, rue 
de l'Industrie, place des Ramacles, poste de refoulement des Ribes ;
• Beaumont : quar"
727042,1364592,666082, 232 863 ,112,121,,Quel est le nombre d'abonnés? ,data(12).txt,"114
VI - 4 – Nombre d’abonnés
Le nombre d’abonnés alimentés par la Collectivité Eau du Bassin Rennais représente 232 863 
abonnés, dont 41   % à Rennes et St-Jacques-de-la-lande. Ce taux est plus faible que la proportion 
d’habitants à Rennes-St-Jacques (44 %) car une part importante des logements rennais n’est pas dotée 
de compteurs individualisés publics.  
L’augmentation du nombre d’abonnés au service, +3,3 % (+ 7"
727124,1364611,666164, 75 ,776,780,,Quel est l'indice de connaissance et de gestion patrimoniale des réseaux de collecte des eaux usées ?,data(15).txt,"x TTC du service au m³ pour 120 m³  
(avec les abonnements)  
 3,33 € TTC/m3 pour un service 
exploité par la RESE  
P201.1  – Taux de desserte par des réseaux de collecte 
des eaux usées  
 95,7 % 
P202.2 – Indice de connaissance et de gestion 
patrimoniale des réseaux de collecte des eaux usées  
 75 
P206.3 – Taux de boues issues des ouvrages 
d’épuration évacuées selon des filières conformes à la 
réglementation  
 100 %  
P207.0  – Montant des abandons de créa nce ou des 
versements à un fonds de solidarité  
 0,002 €/m3 
P251.1 – Taux de débordements d’effluents chez les 
usagers  
 0,0516 p"
727148,1364617,666188,100 %,1928,1933,,Quelle est la valeur de P108.3?,data(21).txt,"ublics d'eau potable  ou de ressources multiples, l'indicateur est établi 
pour chaque ressource et une valeur globale est calculée en pondérant chaque indicateur par les volumes annuels 
d'eau produits ou achetés. 
 
Pour l'année 2019, l'indice global d'avancement de protection de la ressource est 100 %  (100 % en 2018). 
Financement des investissements. "
726627,1364534,665710,"8,9",1233,1236,,quelle est la valeur de l'indice linéaire des volumes non comptés,data(2).txt,"et de l'eﬃcacité de la gestion du réseau.
Le calcul de cet indicateur s’eﬀectue comme suit :
Indice linéaire des volumes non comptés  
(m³ / km / jour) =
Volume mis en distribution  -  Volume comptabilisé
Longueur du réseau (hors branchements) x 365 ou 366
La valeur moyenne pour la Métropole est de 8,9 m³/km /
jour contre 10,2 m³/km /jour en 2019, en légère amélioration.A titre d’information, la moyenne en France en 2018 était de 
3,5 m³ / km / jour.
INDICE LINÉAIRE  DE PERTES  
EN RÉSEAU /parenleft.caseP106.3/parenright.case
L'indice linéaire des pertes en réseau évalue, en les rapportant à la l"
726628,1364540,665713,49,860,862,,quel est le nombre d’autorisations de déversement d’effluents d’établissements industriels au réseau de collecte des eaux usées,data(7).txt,"de se raccorder au réseau d’évacuation public.
Dans certains cas, il peut être exigé des installations de 
prétraitement : séparateurs de graisses pour les restaurants, cantines, établissements hospitaliers, boucheries, charcuteries…, séparateurs d’hydrocarbures pour les garages, stations-services…
49 établissements disposent de conventions de rejets ou 
arrêtés de déversements (sur les 19 communes relevant de la compétence de la Métropole).LINÉAIRE DE RÉSEAUX DE COLLECTE 
/parenleft.caseHORS BRANCHEMENTS/parenright.case ET/OU TRANSFERT
Le tableau ci-dessous indique, par commune et par type de 
"
726598,1364539,665696,276 308,1102,1109,,quelle est la valeur de D201.0 ?,data(6).txt,"estiques et assimilés sont ceux 
redevables à l’Agence de l’eau au titre de la pollution de l’eau d’origine domestique en application de l’article L213-10-3 du Code de l’environnement. 
Le service public de l’assainissement collectif relevant de 
la compétence de Clermont Auvergne Métropole dessert 276 308 habitants au 31/12/2020 et 70 316 abonnés.
COMMUNE NOMBRE D'HABITANTS DESSERVIS NOMBRE D'ABONNÉS
MÉTROPOLERÉGIEAUBIÈRE 10 849 3 840
BEAUMONT 11 024 3 300
BLANZAT 3 791 1 800
CÉBAZAT 8 835 4 150
CEYRAT 6 476 2 634
CHÂTEAUGAY 3 059 1700
CLERMONT/hyphen.caseFERRAND 145 289 23 359
COURNON/hyphen.caseD'"
726620,1364517,665706,"99,8",975,979,,quelle est la valeur  du taux de conformité des prélèvements sur les eaux distribuées réalisés au titre du contrôle sanitaire par rapport aux limites de qualité pour ce qui concerne la microbiologie,data.txt," prélèvements non conformes
Nombre de prélèvements réalisés 
Cet indicateur est demandé si le service dessert plus de 5 000 
habitants ou produit plus de 1 000 m3/jour. 
Les taux de conformité sur la Métropole en 2020 ont été 
calculés à partir de plus de 500 prélèvements et sont en moyenne de  :
• 99,8 % en terme de microbiologie• 100 % en terme de physico-chimie.La conformité de l’eau distribuée tient compte de :-  limites de qualité, qui sont des normes à respecter 
obligatoirement (absence de bactéries, taux de nitrates, 
pesticides, plomb…) ;
-  références de qualité, qui regroupent des indic"
726629,1364544,665722, 7 312,289,295,,Quelle est la valeur de D203.0 ?,data(8).txt,"Rapport sur le prix et la qualité de l’eau potable et de l’assainissement 2020 35QUANTITÉS DE BOUES ISSUES DES 
OUVRAGES D’ÉPURATION /parenleft.caseD203.0/parenright.case
La quantité de boues d’épuration produites et évacuées de 
la station d’épuration des Trois Rivières s’élève en 2020 à 7 312 tonnes de matières sèches, y compris réactifs.
Pour 2020, conformément au plan d'épandage, les boues 
ont été valorisées : 
- à 60% en épandage. (4 357 tonnes de matières sèches) 
- à 40 % en compostage (2 955 tonnes de matières sèches)
Concernant les autres stations d’épuration, il n’y pas eu 
d’é"
726635,1364544,665723,7 312,290,295,,Quelle est la quantité de boues issues des ouvrages d'épuration,data(8).txt,"Rapport sur le prix et la qualité de l’eau potable et de l’assainissement 2020 35QUANTITÉS DE BOUES ISSUES DES 
OUVRAGES D’ÉPURATION /parenleft.caseD203.0/parenright.case
La quantité de boues d’épuration produites et évacuées de 
la station d’épuration des Trois Rivières s’élève en 2020 à 7 312 tonnes de matières sèches, y compris réactifs.
Pour 2020, conformément au plan d'épandage, les boues 
ont été valorisées : 
- à 60% en épandage. (4 357 tonnes de matières sèches) 
- à 40 % en compostage (2 955 tonnes de matières sèches)
Concernant les autres stations d’épuration, il n’y pas eu 
d’é"
726610,1364540,665702,49,860,862,,Quelle est la valeur de D.202.0 ?,data(7).txt,"de se raccorder au réseau d’évacuation public.
Dans certains cas, il peut être exigé des installations de 
prétraitement : séparateurs de graisses pour les restaurants, cantines, établissements hospitaliers, boucheries, charcuteries…, séparateurs d’hydrocarbures pour les garages, stations-services…
49 établissements disposent de conventions de rejets ou 
arrêtés de déversements (sur les 19 communes relevant de la compétence de la Métropole).LINÉAIRE DE RÉSEAUX DE COLLECTE 
/parenleft.caseHORS BRANCHEMENTS/parenright.case ET/OU TRANSFERT
Le tableau ci-dessous indique, par commune et par type de 
"
726643,1364545,665726,100 %,284,289,,Quelle est la valeur de P203.3?,data(9).txt,"36 Rapport sur le prix et la qualité de l’eau potable et de l’assainissement 2020INDICATEURS DE PERFORMANCE
INDICATEURSYSTÈME  
D'ASSAINISSEMENT 
DE  
L'AGGLOMÉRATION 
CLERMONTOISE
P203.3 CONFORMITÉ DE LA COLLECTE DES EFFLUENTS AUX PRESCRIPTIONS NATIONALES ISSUES DE LA DIRECTIVE ERU 100 %
P204.3 CONFORMITÉ DES ÉQUIPEMENTS D'ÉPURATION AUX PRESCRIPTIONS NATIONALES ISSUES DE LA DIRECTIVE ERU 100 %
P205.3 CONFORMITÉ DE LA PERFORMANCE DES OUVRAGES AUX PRESCRIPTIONS NATIONALES ISSUES DE LA DIRECTIVE ERU 100 %
P 254.3 PERFORMANCE DES ÉQUIPEMENTS D’ÉPURATION 100 %INDICATEUR RÉGIE MÉTROPOLE
"
726648,1364545,665729,100 ,392,396,,quelle est la valeur de la CONFORMITÉ DES ÉQUIPEMENTS D'ÉPURATION AUX PRESCRIPTIONS NATIONALES ISSUES DE LA DIRECTIVE ERU,data(9).txt," DE PERFORMANCE
INDICATEURSYSTÈME  
D'ASSAINISSEMENT 
DE  
L'AGGLOMÉRATION 
CLERMONTOISE
P203.3 CONFORMITÉ DE LA COLLECTE DES EFFLUENTS AUX PRESCRIPTIONS NATIONALES ISSUES DE LA DIRECTIVE ERU 100 %
P204.3 CONFORMITÉ DES ÉQUIPEMENTS D'ÉPURATION AUX PRESCRIPTIONS NATIONALES ISSUES DE LA DIRECTIVE ERU 100 %
P205.3 CONFORMITÉ DE LA PERFORMANCE DES OUVRAGES AUX PRESCRIPTIONS NATIONALES ISSUES DE LA DIRECTIVE ERU 100 %
P 254.3 PERFORMANCE DES ÉQUIPEMENTS D’ÉPURATION 100 %INDICATEUR RÉGIE MÉTROPOLE
P253.2 TAUX MOYEN DE RENOUVELLEMENT DES RÉSEAUX DE COLLECTE DES EAUX USÉES /parenleft.caseEN %/parenright.c"
726650,1364545,665730, 100 ,502,507,,"Quelle est la valeur de P205.3 ?
",data(9).txt,"LA COLLECTE DES EFFLUENTS AUX PRESCRIPTIONS NATIONALES ISSUES DE LA DIRECTIVE ERU 100 %
P204.3 CONFORMITÉ DES ÉQUIPEMENTS D'ÉPURATION AUX PRESCRIPTIONS NATIONALES ISSUES DE LA DIRECTIVE ERU 100 %
P205.3 CONFORMITÉ DE LA PERFORMANCE DES OUVRAGES AUX PRESCRIPTIONS NATIONALES ISSUES DE LA DIRECTIVE ERU 100 %
P 254.3 PERFORMANCE DES ÉQUIPEMENTS D’ÉPURATION 100 %INDICATEUR RÉGIE MÉTROPOLE
P253.2 TAUX MOYEN DE RENOUVELLEMENT DES RÉSEAUX DE COLLECTE DES EAUX USÉES /parenleft.caseEN %/parenright.case - 0,6
VP. 140 LINÉAIRE DE RÉSEAU RENOUVELÉ AU COURS DES CINQ DERNIÈRES ANNÉES 2017 /hyphen.case 2018 /hyphe"
726622,1364517,665707,100 %,1009,1014,,quelle est la valeur du taux de conformité des prélèvements sur les eaux distribuées réalisés au titre du contrôle sanitaire par rapport aux limites de qualité pour ce qui concerne les paramètres physico-chimiques,data.txt," de prélèvements réalisés 
Cet indicateur est demandé si le service dessert plus de 5 000 
habitants ou produit plus de 1 000 m3/jour. 
Les taux de conformité sur la Métropole en 2020 ont été 
calculés à partir de plus de 500 prélèvements et sont en moyenne de  :
• 99,8 % en terme de microbiologie• 100 % en terme de physico-chimie.La conformité de l’eau distribuée tient compte de :-  limites de qualité, qui sont des normes à respecter 
obligatoirement (absence de bactéries, taux de nitrates, 
pesticides, plomb…) ;
-  références de qualité, qui regroupent des indicateurs de 
qualité témoins du fonct"
726625,1364533,665709,84,5789,5791,,quelle est la valeur du rendement du réseau de distribution ?,data(1).txt,"er par le consommateur. Cependant, ce chiﬀre est à relativiser car il est basé sur une moyenne des données connues. Or, en grande majorité, ce sont les communes les plus importantes et donc les plus urbaines qui renseignent cet indicateur.
* VC: volume consommé
Le rendement calculé est, en 2020, de 84 % en moyenne pour les 10 communes gérées par la Métropole, que ce soit en régie ou en délégation de service public, contre 81,3 % en 2019 et 80,5 % en 2018.
Plusieurs précisions sont à apporter :-Le rendement prend également en compte les achats et 
ventes d’eau vers des collectivités extérieures q"
726657,1364545,665731, 100,502,506,,Quelle  est la CONFORMITÉ DE LA PERFORMANCE DES OUVRAGES AUX PRESCRIPTIONS NATIONALES ISSUES DE LA DIRECTIVE ERU,data(9).txt,"LA COLLECTE DES EFFLUENTS AUX PRESCRIPTIONS NATIONALES ISSUES DE LA DIRECTIVE ERU 100 %
P204.3 CONFORMITÉ DES ÉQUIPEMENTS D'ÉPURATION AUX PRESCRIPTIONS NATIONALES ISSUES DE LA DIRECTIVE ERU 100 %
P205.3 CONFORMITÉ DE LA PERFORMANCE DES OUVRAGES AUX PRESCRIPTIONS NATIONALES ISSUES DE LA DIRECTIVE ERU 100 %
P 254.3 PERFORMANCE DES ÉQUIPEMENTS D’ÉPURATION 100 %INDICATEUR RÉGIE MÉTROPOLE
P253.2 TAUX MOYEN DE RENOUVELLEMENT DES RÉSEAUX DE COLLECTE DES EAUX USÉES /parenleft.caseEN %/parenright.case - 0,6
VP. 140 LINÉAIRE DE RÉSEAU RENOUVELÉ AU COURS DES CINQ DERNIÈRES ANNÉES 2017 /hyphen.case 2018 /hyph"
726661,1364545,665732,"0,6",702,705,,Quelle est la valeur de P253.2 ?,data(9).txt,".3 CONFORMITÉ DE LA PERFORMANCE DES OUVRAGES AUX PRESCRIPTIONS NATIONALES ISSUES DE LA DIRECTIVE ERU 100 %
P 254.3 PERFORMANCE DES ÉQUIPEMENTS D’ÉPURATION 100 %INDICATEUR RÉGIE MÉTROPOLE
P253.2 TAUX MOYEN DE RENOUVELLEMENT DES RÉSEAUX DE COLLECTE DES EAUX USÉES /parenleft.caseEN %/parenright.case - 0,6
VP. 140 LINÉAIRE DE RÉSEAU RENOUVELÉ AU COURS DES CINQ DERNIÈRES ANNÉES 2017 /hyphen.case 2018 /hyphen.case 2019 /hyphen.case 2020  
/parenleft.caseQUEL QUE SOIT LE FINANCEUR/parenright.case /parenleft.caseEN %/parenright.case- 28,5
P255.3 INDICE DE CONNAISSANCE DES REJETS AU MILIEU NATUREL  
PAR L"
727125,1364611,666165, 100 %  ,898,906,,Quelle est la valeur de P206.3?,data(15).txt,"1  – Taux de desserte par des réseaux de collecte 
des eaux usées  
 95,7 % 
P202.2 – Indice de connaissance et de gestion 
patrimoniale des réseaux de collecte des eaux usées  
 75 
P206.3 – Taux de boues issues des ouvrages 
d’épuration évacuées selon des filières conformes à la 
réglementation  
 100 %  
P207.0  – Montant des abandons de créa nce ou des 
versements à un fonds de solidarité  
 0,002 €/m3 
P251.1 – Taux de débordements d’effluents chez les 
usagers  
 0,0516 pour 1  000 abonnés  
P252.2 – Points de curage fréquent du réseau  
  4,361  pour 100 km de réseaux  
P253.2 – Taux de renouve"
727149,1364617,666189, 100 ,1927,1932,,Quel est l'indice global d'avancement de protection de la ressource ?,data(21).txt,"publics d'eau potable  ou de ressources multiples, l'indicateur est établi 
pour chaque ressource et une valeur globale est calculée en pondérant chaque indicateur par les volumes annuels 
d'eau produits ou achetés. 
 
Pour l'année 2019, l'indice global d'avancement de protection de la ressource est 100 %  (100 % en 2018). 
Financement des investissements. "
726665,1364545,665735,"10,6",1257,1261,,Quelle est la valeur de la durée d'extinction de la dette de la collectivité? ,data(9).txt,"ONNAISSANCE DES REJETS AU MILIEU NATUREL  
PAR LES RÉSEAUX DE COLLECTE DES EAUX USÉES /parenleft.caseEN UNITÉ/parenright.case-110 / 120 points 
(agglomération  
d'assainissement  
""Clermont-Ferrand)
P.256.3 DURÉE D'EXTINCTION DES LA DETTE DE LA COLLECTIVITÉ /parenleft.caseEN ANNÉE/parenright.case - 10,6
P257.0 TAUX D'IMPAYÉS SUR LES FACTURES D'EAU DE L'ANNÉE PRÉCÉDENTE /parenleft.caseEN %/parenright.case 1,01 -Les tableaux ci-après reprennent les principaux indicateurs de performance sur les communes gérées par la Métropole.
Les paragraphes qui suivent détaillent les modes de calcul de ces indicat"
726668,1364559,665738,100 %,544,549,,Quelle est la valeur de P206.3 ?,data(10).txt," dite 
conforme si elle remplit les deux conditions suivantes :
•  le transport des boues est eﬀectué conformément à la 
réglementation en vigueur ;
•  la ﬁlière de traitement est autorisée ou déclarée selon son 
type et sa taille.
Concernant les boues de la Station d’épuration des Trois 
Rivières, 100 % des boues ont été évacuées selon les 
ﬁlières conformes à la réglementation.
La valorisation des boues en agriculture fait l’objet des 
autorisations nécessaires (plan d’épandage soumis à autorisation au titre de la loi sur l’eau).
TAUX DE DÉBORDEMENT DES EFFLUENTS 
DANS LES LOCAUX DES USAGERS /par"
726669,1364559,665739,"0,02 ",1262,1267,,Quelle est la valeur du taux de débordement des effluents dans les locaux des usagers? ,data(10).txt," demandes d’indemnisation présentées par des tiers ayant subi des dommages dans leurs locaux résultant de débordements d’eﬄuents causés par un dysfonctionnement du service public.
Pour 2020, on dénombre 6 dossiers de ce type dans 
lesquels la responsabilité de la Métropole est engagée, soit environ 0,02 demandes d’indemnisation pour 1 000 
habitants, contre 0,03 en 2019.La moyenne nationale 2018 s’établit à 0,047 demandes d’indemnisations pour 1 000 habitants.
POINTS NOIRS DU RÉSEAU DE COLLECTE 
/parenleft.caseP252.2/parenright.case
Cet indicateur donne un éclairage sur l'état et le bon 
fonctionne"
726670,1364559,665740,"0,02",1262,1266,,Quelle est la valeur de P251.1 ?,data(10).txt," demandes d’indemnisation présentées par des tiers ayant subi des dommages dans leurs locaux résultant de débordements d’eﬄuents causés par un dysfonctionnement du service public.
Pour 2020, on dénombre 6 dossiers de ce type dans 
lesquels la responsabilité de la Métropole est engagée, soit environ 0,02 demandes d’indemnisation pour 1 000 
habitants, contre 0,03 en 2019.La moyenne nationale 2018 s’établit à 0,047 demandes d’indemnisations pour 1 000 habitants.
POINTS NOIRS DU RÉSEAU DE COLLECTE 
/parenleft.caseP252.2/parenright.case
Cet indicateur donne un éclairage sur l'état et le bon 
fonctionn"
727114,1364611,666154, 213 372,95,103,,Quelle est la valeur de D201.0 ?,data(15).txt," 
 
 Les indicateurs de performances  
 
D201.0 – Estimation du nombre d'habitants desservis  
 213 372  habitants desservis  
D202.0 – Nombre d’autorisations de déversement 
d’effluents d’établissements industriels au réseau de 
collecte des eaux usées  
 18 
 
D203.0  – Quantité de boues issues des ouvrages 
d’épuration  
 3 893 T de MS  
 
Prix TTC du service au m³ pour 120 m³ (sans les 
abonnemen"
726681,1364561,665751,"0,26",2466,2470,,Quelle est la valeur du taux de réclamation? ,data(12).txt,"ementaires, y compris celles qui sont liées au règlement de service).
Le calcul de cet indicateur s’eﬀectue comme suit :
Nombre de réclamations (hors prix) laissant  
une trace écrite
Nombre total d'abonnés du service
Pour cette année 2020, le taux de réclamations pour les 
communes en régie est de 0,26 pour 1 000 abonnés (17 
réclamations écrites), contre 1,7 au niveau national en 2018.
FINANCEMENT  
DES INVESTISSEMENTS
PRINCIPAUX INVESTISSEMENTS 2020
Les dépenses d'investissement 2020 s'élèvent à 29,8 
millions d’euros , dont 27,3 millions d’euros  de dépenses 
réelles. Elles comprennent pour l'"
727127,1364611,666167,"  4,361",1148,1155,,Quels sont les points de curage fréquent du réseau ?,data(15).txt,"lon des filières conformes à la 
réglementation  
 100 %  
P207.0  – Montant des abandons de créa nce ou des 
versements à un fonds de solidarité  
 0,002 €/m3 
P251.1 – Taux de débordements d’effluents chez les 
usagers  
 0,0516 pour 1  000 abonnés  
P252.2 – Points de curage fréquent du réseau  
  4,361  pour 100 km de réseaux  
P253.2 – Taux de renouvellement des réseaux de 
collecte des eaux usées  
 0,40 % 
P254.3 – Conformité des performances des 
équipements d’épuration  
 94,3 % 
P255.3 – Indice de connaissance des rejets au milieu 
naturel  
 105 
P256.2 - Durée d’extinction de la dette de "
727044,1364594,666084, 536 344,109,117,,Quelle est la valeur de la population desservie ?,data(13).txt,"113
VI - 3– Population desservie
La population desservie par la Collectivité Eau du Bassin Rennais représente 536 344 habitants (source 
INSEE - population légale 2019 entrée en vigueur le 1er janvier 2021), dont 44 % à Rennes et St-Jacques-de-la-lande.
Tableau 2
Service 2020 D101.0 - Estimation du 
nombre d ’habitants desservis 2021 D101.0 - Estimation du 
nombre d ’habitants desservis 
01 - Rennes-St Jacques 234"
727151,1364619,666191,"0,014 ",828,834,,Quelle est la valeur d'abandons de créance ou versements à un fond de solidarité ? ,data(23).txt,"réance à caractère social, votés au cours de l'année par l'assemblée délibérante de la 
collectivité (notamment ceux qui sont liés au FSL).  
 
L’année 2019, le service a reçu 4 demandes d’abandon de créance et en a accordé 4. 
669,11 € ont été abandonnés et/ou versés à un fonds de solidarité, soit 0,014 €/m3 pour l’année 2019 (0 €/m3 en 
2018). 
 
5.2 Opérations de coopération décentralisée (cf. L 1115-1-1 du CGCT) 
 
Peuvent être ici listées les opérations mises en place dans le cadre de l'article L1115-1-1 du Code général des 
collectivités territoriales, lequel ouvre la possibilité aux collectiv"
726702,1364562,665769,"4,22",961,965,,Quelle est la valeur de l'indice linéaire des volumes non comptés ? ,data(1).txt,"angé à partir des valeurs de l’année 2007  
 
 - indice des volumes non comptés  =  
(estimation consommations sans comptage+volume de service+pertes) / longueur du 
réseau hors branchements  
 
  2015  2016  2017  2018  2019  
Indice linéaire des volumes non 
comptés [m³/km/j]  3,45 4,05 3,90 4,09 4,22 
 
- indice linéaire de pertes en réseau  =  
pertes / longueur du réseau hors branchements  
 
  2015  2016  2017  2018  2019  
Indice linéaire de pertes en réseau 
[m³/km/j]  3,18 3,70 3,55 3,71 3,78 
 
- indice linéaire de consommation =  
(consommations comptabilisées+exportations+estimation co"
727126,1364611,666166," 0,002",996,1002,,Quelle est la valeur de P207.0 ?,data(15).txt,"nnaissance et de gestion 
patrimoniale des réseaux de collecte des eaux usées  
 75 
P206.3 – Taux de boues issues des ouvrages 
d’épuration évacuées selon des filières conformes à la 
réglementation  
 100 %  
P207.0  – Montant des abandons de créa nce ou des 
versements à un fonds de solidarité  
 0,002 €/m3 
P251.1 – Taux de débordements d’effluents chez les 
usagers  
 0,0516 pour 1  000 abonnés  
P252.2 – Points de curage fréquent du réseau  
  4,361  pour 100 km de réseaux  
P253.2 – Taux de renouvellement des réseaux de 
collecte des eaux usées  
 0,40 % 
P254.3 – Conformité des performances "
727150,1364619,666190," 0,014",827,833,,Quelle est la valeur de P109.0?,data(23).txt,"créance à caractère social, votés au cours de l'année par l'assemblée délibérante de la 
collectivité (notamment ceux qui sont liés au FSL).  
 
L’année 2019, le service a reçu 4 demandes d’abandon de créance et en a accordé 4. 
669,11 € ont été abandonnés et/ou versés à un fonds de solidarité, soit 0,014 €/m3 pour l’année 2019 (0 €/m3 en 
2018). 
 
5.2 Opérations de coopération décentralisée (cf. L 1115-1-1 du CGCT) 
 
Peuvent être ici listées les opérations mises en place dans le cadre de l'article L1115-1-1 du Code général des 
collectivités territoriales, lequel ouvre la possibilité aux collecti"
726703,1364562,665770," 3,78",1162,1167,,quel est l'indice des pertes en réseau? ,data(1).txt,"  2016  2017  2018  2019  
Indice linéaire des volumes non 
comptés [m³/km/j]  3,45 4,05 3,90 4,09 4,22 
 
- indice linéaire de pertes en réseau  =  
pertes / longueur du réseau hors branchements  
 
  2015  2016  2017  2018  2019  
Indice linéaire de pertes en réseau 
[m³/km/j]  3,18 3,70 3,55 3,71 3,78 
 
- indice linéaire de consommation =  
(consommations comptabilisées+exportations+estimation consommations sans 
comptage+volume de service)  / (365 * longueur du réseau hors branchements)  
 
 2015  2016  2017  2018  2019  
Indice linéaire de consommation 
[m³/km/j]  23,8 24,8 25,1 25,3 25,8 
Se"
726705,1364562,665772," 25,8 ",1458,1464,,Quel est l'indice linéaire de consommation? ,data(1).txt,"3,71 3,78 
 
- indice linéaire de consommation =  
(consommations comptabilisées+exportations+estimation consommations sans 
comptage+volume de service)  / (365 * longueur du réseau hors branchements)  
 
 2015  2016  2017  2018  2019  
Indice linéaire de consommation 
[m³/km/j]  23,8 24,8 25,1 25,3 25,8 
Seuil de rendement [%]  69,8 % 70,0 % 70,0 % 70,1 % 70,2 % 
 
Le rendement est au -dessus du seuil minimal sur le dernier exercice.  
Consommations 
comptabilisées :  
2 959 721 m³ 
Production  : 
0 m³ 
Importations  : 
3 480 936 m³  
Exportations  : 
24 237 m³  
Volume mis en 
distribution  : 
3 4"
726710,1364563,665777," 2,22 %",719,726,,Quel est la valeur de P107.2 ?,data(2).txt,"renouvelé inclut les sections de réseaux remplacées à l’identique ou renforcées 
ainsi que les sections réhabilitées.  
 
L’indicateur de performance «  Taux moyen de renouvellement  des réseaux » [P107.2] est une 
moyenne sur les 5 dernières années. Sur la période indiquée ci -dessus, il est égal à 2,22 %. 
 
Le linéai re renouvelé en 5 ans est de 35,809km.  
◼ CONTINUITE DU SERVIC E 
Taux d'occurrence des interruptions de service non programmées  
 
Nombre de coupures d'eau, par millier d'abonnés, survenues au cours de l'année pour 
lesquelles les abonnés concernés n'ont pas été informés à l'avance"
726711,1364563,665778,"2,22",720,724,,Quelle est le taux moyen de renouvellement des réseaux ?,data(2).txt,"enouvelé inclut les sections de réseaux remplacées à l’identique ou renforcées 
ainsi que les sections réhabilitées.  
 
L’indicateur de performance «  Taux moyen de renouvellement  des réseaux » [P107.2] est une 
moyenne sur les 5 dernières années. Sur la période indiquée ci -dessus, il est égal à 2,22 %. 
 
Le linéai re renouvelé en 5 ans est de 35,809km.  
◼ CONTINUITE DU SERVIC E 
Taux d'occurrence des interruptions de service non programmées  
 
Nombre de coupures d'eau, par millier d'abonnés, survenues au cours de l'année pour 
lesquelles les abonnés concernés n'ont pas été informés à l'avan"
726715,1364572,665781,100 % ,762,768,,Quel est le taux de respect du détail? ,data(3).txt," 
(hors délai de réalisation des travaux) ou remettre en service un branchement existant.  
 
Taux de respect  (pourcentage du nombre de demandes d'ouverture d'un branchement pour 
lesquels le délai est respecté)  : 
  2015  2016  2017  2018  2019  
Taux de respect du délai  100 % 100 % 100 % 100 % 100 % 
◼ TAUX D’IMPAYES  
Il correspond au taux d'impayés au 31 décembre de l'année N sur les factures émises au titre 
de l'année N - 1. 
 
Le montant facturé au titre de l'année N - 1 comprend l'ensemble de la facture, y compris les 
redevances prélèvement  et pollution et la TVA liée à ces postes. Pour"
727115,1364611,666155, 213 372 ,95,104,,Quel est le nombre d'habitants desservis? ,data(15).txt," 
 
 Les indicateurs de performances  
 
D201.0 – Estimation du nombre d'habitants desservis  
 213 372  habitants desservis  
D202.0 – Nombre d’autorisations de déversement 
d’effluents d’établissements industriels au réseau de 
collecte des eaux usées  
 18 
 
D203.0  – Quantité de boues issues des ouvrages 
d’épuration  
 3 893 T de MS  
 
Prix TTC du service au m³ pour 120 m³ (sans les 
abonnement"
726723,1364574,665787, 100 ,755,760,,Quel est le taux de respect de délai en 2021? ,data(4).txt,"ors délai de réalisation des travaux) ou remettre en service un branchement 
existant de  
 
Taux de respect  (pourcentage du nombre de demandes d'ouverture d'un 
branchement pour lesquels le délai est respecté)  : 
 
  2017  2018  2019  2020  2021  
Taux de respect du délai  100 % 100 % 100 % 100 % 100 % 
◼ TAUX D’IMPAYES  
Il correspond au taux d'impayés au 31 décembre de l'année N sur les factures 
émises au titre de l'année N - 1. 
 
Le montant facturé au titre de l'année N - 1 comprend l'ensemble de la facture, y 
compris les redevances prélèvement et pollution, la taxe Voies navigables de 
Fr"
726725,1364574,665789,"1,5 ",303,307,,Quel est le taux d'interruptions des services? ,data(4).txt,"5 
Rapport annuel  
EXERCICE  Commune de SAINT -MALO  Les coupures chez l'abonné lors d'interventions effectuées sur son branchement 
ou pour non paiement des factures ne sont pas prises en compte.  
 
  2017  2018  2019  2020  2021  
Taux d’occurrence des 
interruptions de service  1,0 1,3 1,2 1,1 1,5 
◼ DELAI D'OUVERTURE DES BRANCHEMENTS POUR 
LES NOUVEAUX ABONNES  
La société s’est engagée sur un délai maximal pour ouvrir un branchement neuf 
(hors délai de réalisation des travaux) ou remettre en service un branchement 
existant de  
 
Taux de respect  (pourcentage du nombre de demandes d'ouver"
726727,1364574,665791," 0,7",1402,1406,,Quel est le taux d'impayé ? ,data(4).txt," facture donnée, les montants 
impayés sont répartis au prorata h ors taxes et redevances de la part « eau » et 
de la part « assainissement ». Sont exclues les factures de réalisation de 
branchements et de travaux divers.  
 
  2017  2018  2019  2020  2021  
Taux d’impayés  0,7 % 0,7 % 0,7 % 0,8 % 0,7 % 
◼ TAUX DE RECLAMATIONS  
Le taux de réclamations est le nombre de réclamations écrites, reçues par 
l'opérateur ou directement par la collectivité, rapporté au nombre d'abonnés 
divisé par 1 000.  
 
Sont prises en compte les réclamations relatives à des écarts ou des non-
conformités vis -à-vis"
726736,1364575,665799,"2,33",394,398,,Quel est le taux de renouvellement des reseaux? ,data(5).txt,"istribution  
 
Evolution de l’indice linéaire des pertes en réseau  
 
◼ RENOUVELLEMENT DES RESEAUX  
  2017  2018  2019  2020  2021  
Linéaire de canalisations 
renouvelées au cours de 
l’exercice  [km] 7,780  7,584  6,017  5,639  7,542  
% de renouvellement du réseau  2,36%  2,32%  1,86%  1,74%  2,33%  
 
Le linéaire renouvelé inclut les sections de réseaux remplacées à l’identique ou 
renforcées ainsi que les sections réhabilitées.  
 
L’indicateur de performance «  Taux moyen de renouvellement  des réseaux  » [P107.2] 
est une moy enne sur les 5 dernières années. Sur la période indiquée ci -d"
726750,1364576,665813,11 203  ,1246,1254,,Quelle est l'estimation du nombre d'habitants desservis ?,data(6).txt," sur 365 jours) 890 683 m3 
VP.063 Volume comptabilisé domestique 890 063 m3 
VP.201 Volume comptabilisé non domestique - m3 
VP.056 Nombre d'abonnés total 5 235  
 dont nombre d'abonnés domestiques 5 235  
 dont nombre d'abonnés non domestiques -  
D101.0 Estimation du nombre d'habitants desservis 11 203  
Indicateurs de performance  
P104.3 Rendement de réseau de distribution 73,18% % 
P105.3 Indice linéaire des volumes non comptés 9,96 m3/km/j 
P106.3 Indice linéaire de pertes en réseau 9,28 m3/km/j 
VP.224 Indice linéaire de consommation 25,33 m3/km/j 
P103.2B Indice de connaissance et de gestion "
727110,1364610,666150," 82,24",423,429,,Quel est le rendement du réseau ? ,data(14).txt,"introduits dans le réseau de 
distribution qui est consommée ou vendue à un autre service. Sa valeur et son évolution sont le reflet de la politique 
de lutte contre les pertes d'eau en réseau de distribution.  
 
Pour l'année 20 21, le rendement du réseau de distribution est :  
 
V6 + V 3 x 100  = 82,24  % 
   V1 + V 2 
 
A titre indicatif, le ratio volume vendu sur volume mis en distribution ( V7/V4 ) est de  80,49%. 
 
Il est à noter que durant l’année 2020, la crise sanitaire nous a contraint à procéder à des estimations basées 
sur les années antérieures pour l’établissement de la facturation."
727116,1364611,666156, 18 ,256,260,,Quelle est la valeur de D202.0 ?,data(15).txt," 
 
 Les indicateurs de performances  
 
D201.0 – Estimation du nombre d'habitants desservis  
 213 372  habitants desservis  
D202.0 – Nombre d’autorisations de déversement 
d’effluents d’établissements industriels au réseau de 
collecte des eaux usées  
 18 
 
D203.0  – Quantité de boues issues des ouvrages 
d’épuration  
 3 893 T de MS  
 
Prix TTC du service au m³ pour 120 m³ (sans les 
abonnements)  
 2,30 € TTC/m3 pour un service 
exploité par la RESE  
D204.0 – Prix TTC du service au m³ pour 120 m³  
(avec les abonnements)  
 3,33 € TTC/m3 pour un"
727128,1364611,666168," 0,0516",1071,1078,,Quelle est la valeur de P251.1 ?,data(15).txt,"es  
 75 
P206.3 – Taux de boues issues des ouvrages 
d’épuration évacuées selon des filières conformes à la 
réglementation  
 100 %  
P207.0  – Montant des abandons de créa nce ou des 
versements à un fonds de solidarité  
 0,002 €/m3 
P251.1 – Taux de débordements d’effluents chez les 
usagers  
 0,0516 pour 1  000 abonnés  
P252.2 – Points de curage fréquent du réseau  
  4,361  pour 100 km de réseaux  
P253.2 – Taux de renouvellement des réseaux de 
collecte des eaux usées  
 0,40 % 
P254.3 – Conformité des performances des 
équipements d’épuration  
 94,3 % 
P255.3 – Indice de connaissance des "
726769,1364577,665833, 98% ,283,288,,Quelle est la valeur de P101.1 ?,data(7).txt," 
Commune des Avirons – Délégation de service public- Eau potable  109  
Qualité de l’eau  
Taux de conformité des prélèvements sur les eaux distribuées 
réalisés au titre du contrôle sanitaire par rapport aux limites de qualité 
P101.1 Conformité microbiologique de l’eau distribuée 98% La donnée est fournie à 
titre indicatif. La valeur 
communiquée par l'ARS 
prévaut. 
P101.1a Nombre de prélèvements réalisés en vue d'analyses 
microbiologiques 52  
P101.1b Nombre de prélèvements réalisés en vue d'analyses 
microbiologiques non conformes 1  
P102.1 Conformité physico-chimique de l"
726771,1364577,665835,100% ,604,609,,Quelle est la valeur de P102.1?,data(7).txt,"urnie à 
titre indicatif. La valeur 
communiquée par l'ARS 
prévaut. 
P101.1a Nombre de prélèvements réalisés en vue d'analyses 
microbiologiques 52  
P101.1b Nombre de prélèvements réalisés en vue d'analyses 
microbiologiques non conformes 1  
P102.1 Conformité physico-chimique de l’eau distribuée 100% La donnée est fournie à 
titre indicatif. La valeur 
communiquée par l'ARS 
prévaut. 
P102.1a Nombre de prélèvements réalisés en vue d'analyses physico-
chimiques 52  
P102.1b Nombre de prélèvements réalisés en vue d'analyses physico-
chimiques non conformes 0  
DC.192 Nature des ressources utilisée"
726774,1364577,665838,98% ,284,288,,Quelle est la valeur du taux de conformité microbiologique de l'eau distribuée ? ,data(7).txt," 
Commune des Avirons – Délégation de service public- Eau potable  109  
Qualité de l’eau  
Taux de conformité des prélèvements sur les eaux distribuées 
réalisés au titre du contrôle sanitaire par rapport aux limites de qualité 
P101.1 Conformité microbiologique de l’eau distribuée 98% La donnée est fournie à 
titre indicatif. La valeur 
communiquée par l'ARS 
prévaut. 
P101.1a Nombre de prélèvements réalisés en vue d'analyses 
microbiologiques 52  
P101.1b Nombre de prélèvements réalisés en vue d'analyses 
microbiologiques non conformes 1  
P102.1 Conformité physico-chimique de l"
726778,1364577,665842,100%,604,608,,Quel est le taux de la conformité physico-chimique de l'eau distribuée ?,data(7).txt,"urnie à 
titre indicatif. La valeur 
communiquée par l'ARS 
prévaut. 
P101.1a Nombre de prélèvements réalisés en vue d'analyses 
microbiologiques 52  
P101.1b Nombre de prélèvements réalisés en vue d'analyses 
microbiologiques non conformes 1  
P102.1 Conformité physico-chimique de l’eau distribuée 100% La donnée est fournie à 
titre indicatif. La valeur 
communiquée par l'ARS 
prévaut. 
P102.1a Nombre de prélèvements réalisés en vue d'analyses physico-
chimiques 52  
P102.1b Nombre de prélèvements réalisés en vue d'analyses physico-
chimiques non conformes 0  
DC.192 Nature des ressources utilisé"
726752,1364576,665815,"73,18",1327,1332,,Quelle est la valeur de P104.3 ?,data(6).txt,"201 Volume comptabilisé non domestique - m3 
VP.056 Nombre d'abonnés total 5 235  
 dont nombre d'abonnés domestiques 5 235  
 dont nombre d'abonnés non domestiques -  
D101.0 Estimation du nombre d'habitants desservis 11 203  
Indicateurs de performance  
P104.3 Rendement de réseau de distribution 73,18% % 
P105.3 Indice linéaire des volumes non comptés 9,96 m3/km/j 
P106.3 Indice linéaire de pertes en réseau 9,28 m3/km/j 
VP.224 Indice linéaire de consommation 25,33 m3/km/j 
P103.2B Indice de connaissance et de gestion patrimoniale des réseaux 110 /120 
P108.3 Indice d'avancement de la protection"
726783,1364577,665847, 0 ,1187,1190,,Quelle est la valeur de P108.3?,data(7).txt,"es ressources utilisées (part des eaux souterraines) - Rapport entre volume 
prélevé par pompage sur 
volume prélevé total 
moins les imports 
Indice d’avancement de la protection de la ressource en eau 
Production propre du service 
P108.3 Indice d’avancement de la protection de la ressource en eau 0 Calcul 
VP.212 Indice d'avancement de la protection de la ressource en eau total - % 
VP.062 Volume prélevé total 597 340 m3/an 
VP.059 Volume produit total 597 340 m3/an 
Achats d’eau  
VP.193 Indice d'avancement de la protection de la ressource en eau 
(pour les imports d’eau) 0  
  "
726756,1364576,665819,"9,96",1384,1388,,Quelle est la valeur de l'indice linéaire des volumes non comptés ?,data(6).txt,"e d'abonnés total 5 235  
 dont nombre d'abonnés domestiques 5 235  
 dont nombre d'abonnés non domestiques -  
D101.0 Estimation du nombre d'habitants desservis 11 203  
Indicateurs de performance  
P104.3 Rendement de réseau de distribution 73,18% % 
P105.3 Indice linéaire des volumes non comptés 9,96 m3/km/j 
P106.3 Indice linéaire de pertes en réseau 9,28 m3/km/j 
VP.224 Indice linéaire de consommation 25,33 m3/km/j 
P103.2B Indice de connaissance et de gestion patrimoniale des réseaux 110 /120 
P108.3 Indice d'avancement de la protection de la ressource en eau 0 Calcul 
P107.2 Taux moyen de r"
726757,1364576,665820," 9,96",1383,1388,,Quelle est la valeur de P105.3 ?,data(6).txt,"re d'abonnés total 5 235  
 dont nombre d'abonnés domestiques 5 235  
 dont nombre d'abonnés non domestiques -  
D101.0 Estimation du nombre d'habitants desservis 11 203  
Indicateurs de performance  
P104.3 Rendement de réseau de distribution 73,18% % 
P105.3 Indice linéaire des volumes non comptés 9,96 m3/km/j 
P106.3 Indice linéaire de pertes en réseau 9,28 m3/km/j 
VP.224 Indice linéaire de consommation 25,33 m3/km/j 
P103.2B Indice de connaissance et de gestion patrimoniale des réseaux 110 /120 
P108.3 Indice d'avancement de la protection de la ressource en eau 0 Calcul 
P107.2 Taux moyen de r"
726760,1364576,665823,"9,28",1441,1445,,Quel est l'indice linéaire des pertes en réseau ? ,data(6).txt,"ues 5 235  
 dont nombre d'abonnés non domestiques -  
D101.0 Estimation du nombre d'habitants desservis 11 203  
Indicateurs de performance  
P104.3 Rendement de réseau de distribution 73,18% % 
P105.3 Indice linéaire des volumes non comptés 9,96 m3/km/j 
P106.3 Indice linéaire de pertes en réseau 9,28 m3/km/j 
VP.224 Indice linéaire de consommation 25,33 m3/km/j 
P103.2B Indice de connaissance et de gestion patrimoniale des réseaux 110 /120 
P108.3 Indice d'avancement de la protection de la ressource en eau 0 Calcul 
P107.2 Taux moyen de renouvellement des réseaux d’eau potable 0,02 Calcul 
  "
726761,1364576,665824," 0,02",1727,1732,,Quelle est ma valeur de P107.2 ?,data(6).txt,"tes en réseau 9,28 m3/km/j 
VP.224 Indice linéaire de consommation 25,33 m3/km/j 
P103.2B Indice de connaissance et de gestion patrimoniale des réseaux 110 /120 
P108.3 Indice d'avancement de la protection de la ressource en eau 0 Calcul 
P107.2 Taux moyen de renouvellement des réseaux d’eau potable 0,02 Calcul 
  "
726764,1364576,665827, 0 ,1655,1658,,Quelle est la valeur de l'indice d'avancement de la protection de la ressource en eau ? ,data(6).txt,"aire des volumes non comptés 9,96 m3/km/j 
P106.3 Indice linéaire de pertes en réseau 9,28 m3/km/j 
VP.224 Indice linéaire de consommation 25,33 m3/km/j 
P103.2B Indice de connaissance et de gestion patrimoniale des réseaux 110 /120 
P108.3 Indice d'avancement de la protection de la ressource en eau 0 Calcul 
P107.2 Taux moyen de renouvellement des réseaux d’eau potable 0,02 Calcul 
  "
727117,1364611,666157, 18 ,256,260,,"Quel est le nombre d’autorisations de déversement
d’effluents d’établissements industriels au réseau de
collecte des eaux usées?",data(15).txt," 
 
 Les indicateurs de performances  
 
D201.0 – Estimation du nombre d'habitants desservis  
 213 372  habitants desservis  
D202.0 – Nombre d’autorisations de déversement 
d’effluents d’établissements industriels au réseau de 
collecte des eaux usées  
 18 
 
D203.0  – Quantité de boues issues des ouvrages 
d’épuration  
 3 893 T de MS  
 
Prix TTC du service au m³ pour 120 m³ (sans les 
abonnements)  
 2,30 € TTC/m3 pour un service 
exploité par la RESE  
D204.0 – Prix TTC du service au m³ pour 120 m³  
(avec les abonnements)  
 3,33 € TTC/m3 pour un"
726977,1364585,666018," 0,02",198,203,,Quelle est la valeur de P107.2,data(8).txt," 
Commune des Avirons – Délégation de service public- Eau potable  110  
Réseau 
Taux moyen de renouvellement des réseaux d’eau potable 
P107.2 Taux moyen de renouvellement des réseaux d’eau potable 0,02  
VP.077 Linéaire de réseau hors branchement  100,65 km 
VP.140 Linéaire de réseau renouvelé au cours des cinq dernières années 
(quel que soit le financeur) sous réserve des informations en 
notre possession 0,116 km 
Indice de connaissance et de gestion patrimoniale des réseaux 
P103.2
B Indice d"
726980,1364585,666021,"0,02  ",199,205,,Quel est le taux moyen de renouvellement des réseaux d'eau potable ?,data(8).txt," 
Commune des Avirons – Délégation de service public- Eau potable  110  
Réseau 
Taux moyen de renouvellement des réseaux d’eau potable 
P107.2 Taux moyen de renouvellement des réseaux d’eau potable 0,02  
VP.077 Linéaire de réseau hors branchement  100,65 km 
VP.140 Linéaire de réseau renouvelé au cours des cinq dernières années 
(quel que soit le financeur) sous réserve des informations en 
notre possession 0,116 km 
Indice de connaissance et de gestion patrimoniale des réseaux 
P103.2
B Indice de "
726982,1364585,666023, 110 ,557,562,,Quelle est la valeur de l'indice de connaissance er de gestion patrimoniale des réseaux? ,data(8).txt,"km 
VP.140 Linéaire de réseau renouvelé au cours des cinq dernières années 
(quel que soit le financeur) sous réserve des informations en 
notre possession 0,116 km 
Indice de connaissance et de gestion patrimoniale des réseaux 
P103.2
B Indice de connaissance et de gestion patrimoniale des réseaux  110  
Partie A : Plan des réseaux  
VP.236 Existence d'un plan du réseau d'eau potable au 31/12 OUI  
VP.237 Définition d'une procédure de mise à jour du plan des réseaux OUI  
Partie B : Inventaire des réseaux 
VP.238 Existence d'un inventaire des réseaux OUI  
VP.239 Pourcentage de linéaire de réseau "
726985,1364586,666026,0  %,388,392,,Quelle est la valeur de P151.1 ?,data(9).txt,"ère  
VP.119 Somme des abandons de créances et versements à un fonds de 
solidarité (TVA exclue) 774  €HTVA 
P109.0 Montant des abandons de créance ou des versements à un fonds 
de solidarité 0 €/m3 
Données CCSPL  
P151.1  Taux d'occurrence des interruptions de service non programmées 
/ 1000 hab. 0  % 
P152.1 Taux de respect du délai d'ouverture 95,52  % 
D151.0 Délai maximal d’ouverture des branchements pour les nouveaux 
abonnés défini par le service 1 jours 
VP.020 Nombre d'interruptions de service non programmées 0   
P153.2 Durée d'extinction de la dette de la collectivité - Cette donnée re"
726988,1364586,666029,0  %,388,392,,Quel est le taux d'occurrence des interruptions de service non programmées ?,data(9).txt,"ère  
VP.119 Somme des abandons de créances et versements à un fonds de 
solidarité (TVA exclue) 774  €HTVA 
P109.0 Montant des abandons de créance ou des versements à un fonds 
de solidarité 0 €/m3 
Données CCSPL  
P151.1  Taux d'occurrence des interruptions de service non programmées 
/ 1000 hab. 0  % 
P152.1 Taux de respect du délai d'ouverture 95,52  % 
D151.0 Délai maximal d’ouverture des branchements pour les nouveaux 
abonnés défini par le service 1 jours 
VP.020 Nombre d'interruptions de service non programmées 0   
P153.2 Durée d'extinction de la dette de la collectivité - Cette donnée re"
726991,1364586,666032,"95,52 ",438,444,,Quelle est la valeur de P152.1 ?,data(9).txt,"sements à un fonds de 
solidarité (TVA exclue) 774  €HTVA 
P109.0 Montant des abandons de créance ou des versements à un fonds 
de solidarité 0 €/m3 
Données CCSPL  
P151.1  Taux d'occurrence des interruptions de service non programmées 
/ 1000 hab. 0  % 
P152.1 Taux de respect du délai d'ouverture 95,52  % 
D151.0 Délai maximal d’ouverture des branchements pour les nouveaux 
abonnés défini par le service 1 jours 
VP.020 Nombre d'interruptions de service non programmées 0   
P153.2 Durée d'extinction de la dette de la collectivité - Cette donnée relève de la 
responsabilité de la 
collectivité 
VP.1"
727052,1364596,666092,"90,7",205,209,,Quel est le rendement global ? ,data(1).txt,"130
VI - 7 – La performance des services
VI – 7 – 1 - Qualité de l’eau distribuée
• 100% de c onformité aux limites de qualité d’eau microbiologiques et physicochimiques
• Un r
endement global de réseau à 90,7 %
• Un bon indic
e linéaire de pertes global à 1,8 m³/km/jour
• Un indic
e de connaissance et de gestion patrimoniale de 115/120 à l’échelle de la Collectivité
• 0
,92 % de renouvellement du réseau en moyenne sur les 5 dernières années
La qualité de l’eau distribuée est testée en de nombreux points"
726995,1364586,666036, 1 ,546,549,,Quel est le délai maximal d'ouverture des branchements pour les nouveaux abonnés défini par le service ? ,data(9).txt,"sements à un fonds 
de solidarité 0 €/m3 
Données CCSPL  
P151.1  Taux d'occurrence des interruptions de service non programmées 
/ 1000 hab. 0  % 
P152.1 Taux de respect du délai d'ouverture 95,52  % 
D151.0 Délai maximal d’ouverture des branchements pour les nouveaux 
abonnés défini par le service 1 jours 
VP.020 Nombre d'interruptions de service non programmées 0   
P153.2 Durée d'extinction de la dette de la collectivité - Cette donnée relève de la 
responsabilité de la 
collectivité 
VP.182 Encours total de la dette - Cette donnée relève de la 
responsabilité de la 
collectivité 
VP.183 Epar"
726999,1364586,666040, 1 ,546,549,,Quelle est la valeur de D151.0 ?,data(9).txt,"sements à un fonds 
de solidarité 0 €/m3 
Données CCSPL  
P151.1  Taux d'occurrence des interruptions de service non programmées 
/ 1000 hab. 0  % 
P152.1 Taux de respect du délai d'ouverture 95,52  % 
D151.0 Délai maximal d’ouverture des branchements pour les nouveaux 
abonnés défini par le service 1 jours 
VP.020 Nombre d'interruptions de service non programmées 0   
P153.2 Durée d'extinction de la dette de la collectivité - Cette donnée relève de la 
responsabilité de la 
collectivité 
VP.182 Encours total de la dette - Cette donnée relève de la 
responsabilité de la 
collectivité 
VP.183 Epar"
727002,1364586,666043,"0,96 ",971,976,,Quelle est la valeur de P155.1 ?,data(9).txt,"ité - Cette donnée relève de la 
responsabilité de la 
collectivité 
VP.182 Encours total de la dette - Cette donnée relève de la 
responsabilité de la 
collectivité 
VP.183 Epargne brute annuelle - Cette donnée relève de la 
responsabilité de la 
collectivité 
P155.1 Taux de réclamations / 1000 ab 0,96 % 
VP.003 Nombre de réclamations écrites reçues par l'opérateur 5   
VP.152 Nombre de réclamations écrites reçues par la collectivité - Cette donnée relève de la 
responsabilité de la 
collectivité 
 
  "
727003,1364586,666044,"0,96",971,975,,Quel est le taux de réclamations/1000 ab? ,data(9).txt,"ité - Cette donnée relève de la 
responsabilité de la 
collectivité 
VP.182 Encours total de la dette - Cette donnée relève de la 
responsabilité de la 
collectivité 
VP.183 Epargne brute annuelle - Cette donnée relève de la 
responsabilité de la 
collectivité 
P155.1 Taux de réclamations / 1000 ab 0,96 % 
VP.003 Nombre de réclamations écrites reçues par l'opérateur 5   
VP.152 Nombre de réclamations écrites reçues par la collectivité - Cette donnée relève de la 
responsabilité de la 
collectivité 
 
  "
727050,1364596,666090,100%,84,88,,Quel est le taux de conformité de qualité d'eau microbiologiques et physiscochimiques,data(1).txt,"130
VI - 7 – La performance des services
VI – 7 – 1 - Qualité de l’eau distribuée
• 100% de c onformité aux limites de qualité d’eau microbiologiques et physicochimiques
• Un r
endement global de réseau à 90,7 %
• Un bon indic
e linéaire de pertes global à 1,8 m³/km/jour
• Un indic
e de connaissance et de gestion patrimoniale de 115/120 à l’échelle de la Collectivité
• 0
,92 % de renou"
727118,1364611,666158, 3 893,326,332,,Quelle est la valeur de D203.0 ?,data(15).txt,"rformances  
 
D201.0 – Estimation du nombre d'habitants desservis  
 213 372  habitants desservis  
D202.0 – Nombre d’autorisations de déversement 
d’effluents d’établissements industriels au réseau de 
collecte des eaux usées  
 18 
 
D203.0  – Quantité de boues issues des ouvrages 
d’épuration  
 3 893 T de MS  
 
Prix TTC du service au m³ pour 120 m³ (sans les 
abonnements)  
 2,30 € TTC/m3 pour un service 
exploité par la RESE  
D204.0 – Prix TTC du service au m³ pour 120 m³  
(avec les abonnements)  
 3,33 € TTC/m3 pour un service 
exploité par la RESE  
P201.1  – Taux de desserte par des rése"
727064,1364597,666104,"1,8",1442,1445,,Quel est l'indice linéaire des pertes en réseau ? ,data(2).txt,"
06 - Acigné, Brécé, Pacé, St-Gilles, Vezin le C. 0,8 0,7 40 Semi-urbain Bon
07 - Montfort-sur-Meu 2,0 1,4 55 Urbain Bon
08 - Chantepie-Vern-sur-Seiche 2,0 2,7 66 Urbain Bon
09 - Aubigné, Feins, Montreuil-sur-Ille, Andouillé-Neuville 0,8 0,9 20 Rural Bon
10 - Le Rheu 0,8 1,1 53 Urbain Bon
Total 1,8 1,8 52 Urbain Bon
11 - Iffendic-nord, St-Gonlay * 3,5 3,6
12 - Iffendic-sud * 2,3 2,2
13 - Mouazé, St-Aubin-d'Aubigné, St-Germain-sur-Ille, St-Médard-sur-Ille * 5,3 5,8
15 - Langouët, St-Gondran, St-Symphorien * 3,9 3,6
16 - Guipel, Vignoc * 3,8 4,1
* donnée globale du contrat de DSP incluant les commu"
727066,1364597,666106,"1,8",1442,1445,,Quelle est la valeur de P106.3? ,data(2).txt,"
06 - Acigné, Brécé, Pacé, St-Gilles, Vezin le C. 0,8 0,7 40 Semi-urbain Bon
07 - Montfort-sur-Meu 2,0 1,4 55 Urbain Bon
08 - Chantepie-Vern-sur-Seiche 2,0 2,7 66 Urbain Bon
09 - Aubigné, Feins, Montreuil-sur-Ille, Andouillé-Neuville 0,8 0,9 20 Rural Bon
10 - Le Rheu 0,8 1,1 53 Urbain Bon
Total 1,8 1,8 52 Urbain Bon
11 - Iffendic-nord, St-Gonlay * 3,5 3,6
12 - Iffendic-sud * 2,3 2,2
13 - Mouazé, St-Aubin-d'Aubigné, St-Germain-sur-Ille, St-Médard-sur-Ille * 5,3 5,8
15 - Langouët, St-Gondran, St-Symphorien * 3,9 3,6
16 - Guipel, Vignoc * 3,8 4,1
* donnée globale du contrat de DSP incluant les commu"
727070,1364598,666110,"1,8",521,524,,Quelle est la valeur de P105.3 en 2021? ,data(3).txt,"d de Rennes 2,4 2,3
04 - Secteur Ouest 1,0 1,2
05 - Cesson-Sévigné 1,5 0,9
06 - Acigné, Brécé, Pacé, St-Gilles, Vezin le C. 0,8 0,7
07 - Montfort-sur-Meu 2,1 1,5
08 - Chantepie-Vern-sur-Seiche 2,1 2,7
09 - Aubigné, Feins, Montreuil-sur-Ille, Andouillé-Neuville 0,9 0,9
10 - Le Rheu 0,9 1,2
Total 1,9 1,8
11 - Iffendic-nord, St-Gonlay * 3,5 3,6
12 - Iffendic-sud * 2,3 2,4
13 - Mouazé, St-Aubin-d'Aubigné, St-Germain-sur-Ille, St-Médard-sur-Ille * 5,3 5,8
15 - Langouët, St-Gondran, St-Symphorien * 3,9 3,6
16 - Guipel, Vignoc * 3,8 4,1
* donnée globale du contrat de DSP incluant les communes de la Coll"
727071,1364598,666111,115 ,1680,1684,,Quelle est la valeur de P103.2B ?,data(3).txt,"é mise en œuvre qu’il y a une dizaine d’années ;•
L
’absence de connaissance des dates ou périodes de pose des canalisations pour une partie des
conduites posées avant les années 1970.
Indice de connaissance et de gestion patrimoniale des réseaux
(indicateur P103.2B)2020 2021
Total Collectivité 115 115 
Sur le territoire de la Collectivité Eau du Bassin Rennais, le linéaire de réseau représente 4 430 km en 2021."
727073,1364598,666113, 115 ,1679,1684,,Quelle est la valeur de l'indice de connaissance et de gestion patrimoniale des réseaux ,data(3).txt,"té mise en œuvre qu’il y a une dizaine d’années ;•
L
’absence de connaissance des dates ou périodes de pose des canalisations pour une partie des
conduites posées avant les années 1970.
Indice de connaissance et de gestion patrimoniale des réseaux
(indicateur P103.2B)2020 2021
Total Collectivité 115 115 
Sur le territoire de la Collectivité Eau du Bassin Rennais, le linéaire de réseau représente 4 430 km en 2021."
727075,1364599,666115," 1,9",1266,1270,,Quelle est la valeur de P151.1 en 2021 ? ,data(4).txt,"rd de Rennes 0,7 0,5
04 - Secteur Ouest 3,3 3,2
05 - Cesson-Sévigné 2,2 2,0
06 - Acigné, Brécé, Pacé, St-Gilles, Vezin le C. 1,6 2,9
07 - Montfort-sur-Meu 0,0 0,3
08 - Chantepie-Vern-sur-Seiche 2,1 0,6
09 - Aubigné, Feins, Montreuil-sur-Ille, Andouillé-Neuville 1,9 4,1
10 - Le Rheu 0,7 1,4
Total 1,7 1,9
11 - Iffendic-nord, St-Gonlay* 0,2 0,8
12 - Iffendic-sud* 6,5 non transmis
13 - Mouazé, St-Aubin-d'Aubigné, St-Germain-sur-Ille, St-Médard-sur-Ille* 3,7 4,8
15 - Langouët, St-Gondran, St-Symphorien* 0,0 4,6
16 - Guipel, Vignoc* 9,0 8,5
* donnée globale du contrat de DSP incluant les communes de la "
727077,1364599,666117,"1,9",1267,1270,,Quelle est la valeur du taux d'occurrence des interruptions d service non programmées en total en 2021? ,data(4).txt,"d de Rennes 0,7 0,5
04 - Secteur Ouest 3,3 3,2
05 - Cesson-Sévigné 2,2 2,0
06 - Acigné, Brécé, Pacé, St-Gilles, Vezin le C. 1,6 2,9
07 - Montfort-sur-Meu 0,0 0,3
08 - Chantepie-Vern-sur-Seiche 2,1 0,6
09 - Aubigné, Feins, Montreuil-sur-Ille, Andouillé-Neuville 1,9 4,1
10 - Le Rheu 0,7 1,4
Total 1,7 1,9
11 - Iffendic-nord, St-Gonlay* 0,2 0,8
12 - Iffendic-sud* 6,5 non transmis
13 - Mouazé, St-Aubin-d'Aubigné, St-Germain-sur-Ille, St-Médard-sur-Ille* 3,7 4,8
15 - Langouët, St-Gondran, St-Symphorien* 0,0 4,6
16 - Guipel, Vignoc* 9,0 8,5
* donnée globale du contrat de DSP incluant les communes de la "
727079,1364603,666119,"0,0010 € ",1762,1771,,"Quelle est la valeur de P109.0 ?
",data(6).txt,"ymphoriendonnées non disponibles à l'échelle du 
territoire CEBRdonnées non disponibles à l'échelle du 
territoire CEBR
16 - Guipel, Vignocdonnées non disponibles à l'échelle du 
territoire CEBRdonnées non disponibles à l'échelle du 
territoire CEBR
Total Collectivité Eau du Bassin Rennais 0,0011 € 0,0010 € 
Les montants présentés dans le tableau incluent les contributions des délégataires au Fonds de Solidarité Logement du Département d’Ille-et-Vilaine. La SPL Eau du Bassin Rennais (services 01, 02, 05 et 06) et Saur (services 04 et 10) versent un montant annuel forfaitaire au FSL basé sur le nombre d"
727081,1364603,666121," 0,0010 € ",1761,1771,,Quelle est la valeur du montant des abandons de créance ou des versements à un fond de solidarité ? ,data(6).txt,"Symphoriendonnées non disponibles à l'échelle du 
territoire CEBRdonnées non disponibles à l'échelle du 
territoire CEBR
16 - Guipel, Vignocdonnées non disponibles à l'échelle du 
territoire CEBRdonnées non disponibles à l'échelle du 
territoire CEBR
Total Collectivité Eau du Bassin Rennais 0,0011 € 0,0010 € 
Les montants présentés dans le tableau incluent les contributions des délégataires au Fonds de Solidarité Logement du Département d’Ille-et-Vilaine. La SPL Eau du Bassin Rennais (services 01, 02, 05 et 06) et Saur (services 04 et 10) versent un montant annuel forfaitaire au FSL basé sur le nombre d"
727082,1364604,666122,"1,6",969,972,,Quel est le taux de réclamations? ,data(7).txt,"0 - Le Rheu 0,2 0,0
11 - Iffendic-nord, St-Gonlay 0,6 0,6
12 - Iffendic-sud* hors périmètre 0,0
13 - Mouazé, St-Aubin-d'Aubigné, St-Germain-sur-Ille, St-Médard-sur-Ille* hors périmètre 0,3
15 - Langouët, St-Gondran, St-Symphorien* hors périmètre 0,0
16 - Guipel, Vignoc* hors périmètre 0,6
Total 1,4 1,6
*donnée globale du contrat de DSP incluant les communes de la Collectivité
Indicateur feuille de route :Indicateur feuille de route  :
A horizon 2025, taux de réclamation <3 pour 1000 abonnésA horizon 2025, taux de réclamation <3 pour 1000 abonnés
Sont prises en compte les réclamations relatives à "
727084,1364604,666124,"1,6",969,972,,Quelle est l avaleur de P155.1 en 2021? ,data(7).txt,"0 - Le Rheu 0,2 0,0
11 - Iffendic-nord, St-Gonlay 0,6 0,6
12 - Iffendic-sud* hors périmètre 0,0
13 - Mouazé, St-Aubin-d'Aubigné, St-Germain-sur-Ille, St-Médard-sur-Ille* hors périmètre 0,3
15 - Langouët, St-Gondran, St-Symphorien* hors périmètre 0,0
16 - Guipel, Vignoc* hors périmètre 0,6
Total 1,4 1,6
*donnée globale du contrat de DSP incluant les communes de la Collectivité
Indicateur feuille de route :Indicateur feuille de route  :
A horizon 2025, taux de réclamation <3 pour 1000 abonnésA horizon 2025, taux de réclamation <3 pour 1000 abonnés
Sont prises en compte les réclamations relatives à "
727098,1364608,666138,100 %,736,741,,Quel est le taux de conformité microbiologiques? ,data(12).txt,"Le taux de conformité est calculé selon la formule suivante :  
 
nombre de prélèvements réalisés – nombre de prélèvements non -conformes  x 100  
nombre  de prélèvements réalisés  
 
 
Analyses ...  Prélèvements réalisés  Prélèvements non -conformes  Taux de conformité  
... microbiologiques  78 0 100 % 
... physico -chimiques  78 0 100 % 
Indice d'avancement de protection des ressources en eau  
 
La réglementation définit une procédure particulière pour la protection des ressources en eau (captage, forage, etc.). 
En fonction de l'état d'avancement de la procédure, un indice est déterminé selon "
727100,1364608,666140,100 ,772,776,,Quel est le taux de conformité physico-chimiques ? ,data(12).txt,"lon la formule suivante :  
 
nombre de prélèvements réalisés – nombre de prélèvements non -conformes  x 100  
nombre  de prélèvements réalisés  
 
 
Analyses ...  Prélèvements réalisés  Prélèvements non -conformes  Taux de conformité  
... microbiologiques  78 0 100 % 
... physico -chimiques  78 0 100 % 
Indice d'avancement de protection des ressources en eau  
 
La réglementation définit une procédure particulière pour la protection des ressources en eau (captage, forage, etc.). 
En fonction de l'état d'avancement de la procédure, un indice est déterminé selon le barème suivant :  
 
00% Aucune "
727102,1364608,666142,80 %,1842,1846,,Quel est indice global d'avancement de protection de la ressource ? ,data(12).txt,"s d'eau potable ou de ressources multiples, l'indicateur est établi pour 
chaqu e ressource et une valeur globale est calculée en pondérant chaque indicateur par les volumes annuels d'eau 
produits ou achetés.  
 
 
 
Pour l'année 2021 
L'indice global d'avancement de protection de la ressource est 80 %. 
"
727107,1364609,666147,"2,22",570,574,,Quelle est la valeur de l'indice linéaire de pertes en réseau?,data(13).txt,"ntenance et de renouvellement du  réseau, et d'autre part des actions menées pour lutter contre les volumes 
détournés et pour améliorer la précision du comptage chez les abonnés.  
 
Pour l'année 20 21, l’indice linéaire de pertes en réseau est :  
 
1 593 135  – 1 286 878                        = 2,22 m3/km/jour  
             365 x 378 
 
Taux moyen de renouvellement des réseaux d’eau potable  
  
Ce taux est le quotient, exprimé en pourcentage, de la moyenne sur 5 ans du linéaire de réseau renouvelé par la 
longueur du réseau. Le linéaire renouvelé inclut les sections de réseaux remplacées à l"
727108,1364609,666148,0. 56% ,1636,1643,,Quel est le taux moyen de renouvellement des réseaux d'eau potable ? ,data(13).txt,"gration de la Hem Sud et Alquines 
au 01/01/2020 )  
 
2016 2017  2018  2019  2020  2021  
1.200 1.500 0.650 0.750 0.700 2. 100 
 
Pour l'année 20 21, le taux moyen de renouvellement des réseaux d’eau potable est :  
 
2.100 km 2021  
                             __________________          x 100 = 0. 56% 
                 378  
 
"
