URL;ville;annee;competence
https://www.seapan.fr//_medias/fichiers/rpqs-aep-2021-v07-finale.pdf;coarraze;2021;AC
https://www.seapan.fr//_medias/fichiers/rpqs-spanc-2021-v2-finale.pdf;benejacq;2020;ANC
https://www.seapan.fr//_medias/fichiers/rpqs-aep-seapan-2020-v11.pdf;;2020;AC
https://www.seapan.fr//_medias/fichiers/rpqs-eu-seapan-2020-v09.pdf;benejacq;2020;AC
https://www.seapan.fr//_medias/fichiers/rpqs-spanc-seapan-2020-v4.pdf;benejacq;2020;ANC
https://www.seapan.fr//_medias/fichiers/rpqs-pluvial-seapan-2020-v03.pdf;;2020;ANC
https://www.seapan.fr//_medias/fichiers/rpqs-aep-seapan-2019-v21.pdf;benejacq;2019;EP
https://www.seapan.fr//_medias/fichiers/rpqs-eu-seapan-2019-v09.pdf;benejacq;2019_09;AC
https://www.seapan.fr//_medias/fichiers/seapan-rpqs-spanc-2019-v2.pdf;benejacq;2020;AC
https://www.seapan.fr//_medias/fichiers/rpqs-spanc-2018.pdf;benejacq;2019;AC
https://www.seapan.fr//_medias/fichiers/rpqs-eu-2018.pdf;benejacq;2018;AC
https://www.seapan.fr//_medias/fichiers/rpqs-aep-2018.pdf;benejacq;2018;AC
https://www.seapan.fr//_medias/fichiers/rpqseu2016.pdf;benejacq;2016;AC
https://www.eaudubassinrennais-collectivite.fr/wp-content/uploads/2022/11/RPQS_2020_Partie1.pdf;rennes;2020;EP
https://www.eaudubassinrennais-collectivite.fr/wp-content/uploads/2022/11/RPQS_2020_Partie3.pdf;montfort sur meu;;EP
https://www.eaudubassinrennais-collectivite.fr/wp-content/uploads/2022/11/RPQS_2020_Partie4.pdf;;2018;EP
https://www.eaudubassinrennais-collectivite.fr/wp-content/uploads/2022/11/RPQS_2020_Partie5.pdf;maxent;2003;EP
https://www.eaudubassinrennais-collectivite.fr/wp-content/uploads/2022/11/RPQS_2020_Partie6.pdf;;2019;EP
https://www.eaudubassinrennais-collectivite.fr/wp-content/uploads/2022/11/RPQS_2020_Partie7.pdf;;2016;AC
https://www.eaudubassinrennais-collectivite.fr/wp-content/uploads/2022/11/RPQS_2020_Partie8.pdf;rennes;2019;EP
https://www.eaudubassinrennais-collectivite.fr/wp-content/uploads/2020/12/RPQS-Synthèse-Version-figée_compressed.pdf;;20152020;EP
https://www.eaudubassinrennais-collectivite.fr/wp-content/uploads/2020/12/PARTIE-5.pdf;cesson sevigne;2019;EP
https://www.eaudubassinrennais-collectivite.fr/wp-content/uploads/2019/10/RPQS2018_LIGHT_Partie1.pdf;;2018;EP
https://www.eaudubassinrennais-collectivite.fr/wp-content/uploads/2019/10/RPQS2018_LIGHT_Partie2.pdf;cesson sevigne;2018;EP
https://www.eaudubassinrennais-collectivite.fr/wp-content/uploads/2019/10/RPQS2018_LIGHT_Partie3.pdf;;2018;EP
https://www.eaudubassinrennais-collectivite.fr/wp-content/uploads/2019/10/RA_20188LIGHT_Partie1.pdf;;2018;EP
https://www.eaudubassinrennais-collectivite.fr/wp-content/uploads/2019/10/RA_20188LIGHT_Partie2.pdf;;2018;EP
https://www.eaudubassinrennais-collectivite.fr/wp-content/uploads/2013/05/RA_2017_avecpageGarde_web.pdf;cesson sevigne;2017;EP
https://www.silcen.fr/wp-content/uploads/2021/08/Page-10-RPQS-Exercice-2019.pdf;nice;2019;EP
https://www.eaudumorbihan.fr/wp-content/uploads/2022/07/CS_2022_042-RPQS-Production-Transport-2021.pdf;;2021;EP
https://www.eaudumorbihan.fr/wp-content/uploads/2022/07/CS_2022_043-RPQS-Distribution-2021.pdf;;;EP
https://www.eaudumorbihan.fr/wp-content/uploads/2022/07/PPT-Production_Transport_2021-5.pdf;;2022;EP
https://www.eaudumorbihan.fr/wp-content/uploads/2022/07/PPT_Distribution_2021-5.pdf;;2021;EP
https://www.eaudumorbihan.fr/wp-content/uploads/2021/07/CS_2021_034-Annexe-RPQS-Production-Transport-2020.pdf;;2020;EP
https://www.eaudumorbihan.fr/wp-content/uploads/2021/07/CS_2021_035-Annexe-RPQS-Distribution-2020.pdf;;;EP
https://www.eaudumorbihan.fr/wp-content/uploads/2021/07/PPT-Production_2020.pdf;;20202019;EP
https://www.eaudumorbihan.fr/wp-content/uploads/2021/07/PPT_distribution_2020.pdf;;2020;EP
https://www.eaudumorbihan.fr/wp-content/uploads/2020/11/CS-2020-062-RPQS-Production-Transport-2019-annexe.pdf;;2019;EP
https://www.eaudumorbihan.fr/wp-content/uploads/2020/11/CS-2020-063-RPQS-Distribution-2019-annexe.pdf;;2019;EP
https://www.eaudumorbihan.fr/wp-content/uploads/2019/07/CS_2019_035-ANNEXE-RPQS-PRODUCTION-TRANSPORT1.pdf;;2017;EP
https://www.eaudumorbihan.fr/wp-content/uploads/2019/07/CS_2019_036-ANNEXE-RPQS-DISTRIBUTION-2018.pdf;;;EP
http://www.eaudumorbihan.fr/wp-content/uploads/2018/07/CS_2018_036-ANNEXE-RPQS-PRODUCTION-2017.pdf;la gacilly;2017;EP
http://www.eaudumorbihan.fr/wp-content/uploads/2018/07/CS_2018_037-ANNEXE-RPQS-DISTRIBUTION-2017.pdf;;2017;EP
http://www.eaudumorbihan.fr/wp-content/uploads/2017/07/CS_2017_038-ANNEXE-RPQS-PRODUCTION-TRANSPORT.pdf;langonnet;2016;EP
http://www.eaudumorbihan.fr/wp-content/uploads/2017/07/CS_2017_039-ANNEXE-RQPS-DISTRIBUTION-2016.pdf;evellys;2016;EP
http://www.eaudumorbihan.fr/wp-content/uploads/2013/04/RPQS-PRODUCTION-TRANSPORT-2014.pdf;langonnet;2014;EP
http://www.eaudumorbihan.fr/wp-content/uploads/2013/04/RPQS-DISTRIBUTION-2014.pdf;vannes;2014;EP
https://www.eaudumorbihan.fr/wp-content/uploads/2018/10/Rapport_activites_2017.pdf;;2017;EP
http://www.eaudumorbihan.fr/wp-content/uploads/2013/04/2013-rapport-dactivit%C3%A9-maquette-v0.pdf;guemene sur scorff;2013;EP
http://www.eaudumorbihan.fr/wp-content/uploads/2013/04/bilan-activite-2012.pdf;ploermel;2012;EP
https://www.eauportesbretagne.fr/wp-content/uploads/2023/01/EauPortesBretagne-RPQS-2021-eau-potable.pdf;;2021;EP
https://www.pagnysurmoselle.fr/wp-content/uploads/2023/01/RPQS-2021.pdf;pagny sur moselle;2021;AC
https://aquareso.fr/wp-content/uploads/2022/10/2021-RPQS-A-C.pdf;carnac rouffiac;;AC
https://aquareso.fr/wp-content/uploads/2022/10/2021-RPQS-AEP.pdf;;2021;EP
https://aquareso.fr/wp-content/uploads/2020/09/RPQS__assainissement_collectif_2019.pdf;;2019;AC
https://aquareso.fr/wp-content/uploads/2019/09/RPQS__AQUARESO_-_assainissement_collectif_2018_20190829_141235.pdf;;2018;AC
https://aquareso.fr/wp-content/uploads/2019/09/RPQS-AQUARESO-eau_potable-2018.pdf;;2018;EP
https://aquareso.fr/wp-content/uploads/2018/12/RPQS-CAZALS-AEP-2017.pdf;;2017;EP
https://aquareso.fr/wp-content/uploads/2018/12/RPQS-CAZALS-AC-2017.pdf;;2017;AC
https://aquareso.fr/wp-content/uploads/2018/12/RPQS-AQUARESO-AC-2017.pdf;puy l eveque;2017;AC
https://aquareso.fr/wp-content/uploads/2018/08/RPQS_AQUARESO_-_assainissement_collectif_2016.pdf;;2016;AC
https://aquareso.fr/wp-content/uploads/2018/08/RPQS_AQUARESO_-_eau_potable_2016.pdf;;2016;EP
https://www.ca-ajaccien.corsica/wp-content/uploads/2018/01/2012-112-rpqs-déchets-2011.pdf;;2011;AC
https://www.siaepvielmurstpaul.com/wp-content/uploads/2022/12/RPQS-2021.pdf;;2021;EP
https://www.pirey.fr/wp-content/uploads/2022/12/RPQS-2021-EU-REGIE.pdf;dannemarie sur crete;2021;AC
https://www.pirey.fr/wp-content/uploads/2022/12/RPQS-2021-ANC-REGIE.pdf;;2021;ANC
http://environnement.cc-miribel.fr/wp-content/uploads/sites/3/2022/11/D_20221018_068_RPQS_eau_asst_Annexe_RA2021-SPANC.pdf;;2021;ANC
http://environnement.cc-miribel.fr/wp-content/uploads/sites/3/2021/11/IV-a-CCMP_RPQS_Assainissement_2020.pdf;;2020;AC
http://environnement.cc-miribel.fr/wp-content/uploads/sites/3/2022/11/D_20221018_068_RPQS_eau_asst_Annexe_RA2021-Assainissement-Collectif.pdf;;2021;AC
https://www.smehe-eaupotable.fr/wp-content/uploads/2023/06/RAD-Smehe-2022.pdf;;2022;EP
https://www.smehe-eaupotable.fr/wp-content/uploads/2021/10/RAD-SMEHE-2020.pdf;;2020;EP
https://www.smehe-eaupotable.fr/wp-content/uploads/2021/10/RAD-SIAEP-2019.pdf;;2019;EP
https://www.smehe-eaupotable.fr/wp-content/uploads/2022/10/RPQS-SMEHE-2021-1.pdf;;2021;EP
https://www.smehe-eaupotable.fr/wp-content/uploads/2021/10/RPQS-SMEHE-2020-definitif-9-sept-21.pdf;;2020;EP
https://www.eaudetoulousemetropole.fr/sites/g/files/dvc2771/files/document/2022/11/EAU%20DE%20LA%20METROPOLE%20bilan%20perfs%202021%20v5.pdf;;2021;AC+EP
https://www.eaudetoulousemetropole.fr/sites/g/files/dvc2771/files/document/2023/02/EDTM%20RPQS%202021%20VF%20v7%20WEB.pdf;toulouse;2021;AC+EP
https://www.eaudetoulousemetropole.fr/sites/g/files/dvc2771/files/document/2021/10/EDTM%20rapport%20activites%20RPQS%202020%20v6%20WEB.pdf;;2020;EP
https://www.eaudetoulousemetropole.fr/sites/g/files/dvc2771/files/document/2020/12/Exe-Rapport%20eau%202019%20%2B%20Annexes.pdf;toulouse;2019;ANC
https://www.siaeplieuvin.fr/wp-content/uploads/2022/02/SIAEP-LIEUVIN-RPQS-2020-I.pdf;fort moville;2020;EP
https://commune-poncins.fr/wp-content/uploads/2023/03/99_DE-RPQS__eau_potable_2021_20220916_112719.pdf;;2021;EP
https://commune-poncins.fr/wp-content/uploads/2023/03/99_DE-RPQS-2020.pdf;;2020;EP
https://commune-poncins.fr/wp-content/uploads/2023/03/RPQS__assainissement_collectif_2021_20220909_143826.pdf;poncins;2021;AC
https://commune-poncins.fr/wp-content/uploads/2023/03/99_DE-RPQS__assainissement_collectif_2020_20210720_133624.pdf;poncins;2020;AC
https://www.cc-loges.fr/wp-content/uploads/2023/06/RPQS-2021.pdf;;2021;ANC
http://www.sivom-regionminiere.fr/upload/telechargements/48.pdf;;2018;AC
https://www.comcomabc.fr/wp-content/uploads/2022/09/2021-RPQS-CDC-ABC-SAUF-LEVET.pdf;chateauneuf sur cher;;AC
https://www.comcomabc.fr/wp-content/uploads/2021/10/2020-RPQS-LEVET.pdf;levet;2020;AC
https://www.comcomabc.fr/wp-content/uploads/2021/10/2020-RPQS-CDC-ABC-SAUF-LEVET.pdf;chateauneuf sur cher;2020;AC
https://www.comcomabc.fr/wp-content/uploads/2020/09/2019-ASSAINISSEMENT-EN-REGIE-RPQS.pdf;;;AC
https://www.comcomabc.fr/wp-content/uploads/2020/09/2019-RPQS-PRINCIPAL-1.pdf;chateauneuf sur cher;2019;AC
https://www.comcomabc.fr/wp-content/uploads/2020/09/2019-RPQS-LEVET.pdf;;2019;AC
https://www.comcomabc.fr/wp-content/uploads/2020/09/2019-RPSQ-LIGNIERES.pdf;lignieres;2019;AC
https://www.comcomabc.fr/wp-content/uploads/2019/09/2018-ASSAINISSEMENT-EN-REGIE-Présentation-RPQS.pdf;vallenay;2018;AC
https://www.comcomabc.fr/wp-content/uploads/2019/09/2018-RPQS-PRINCIPAL.pdf;chateauneuf sur cher;2018;AC
https://www.comcomabc.fr/wp-content/uploads/2019/09/2018-RPSQ-LIGNIERES.pdf;lignieres;2018;AC
https://www.comcomabc.fr/wp-content/uploads/2019/09/2018-RPQS-LEVET.pdf;;2018;AC
https://www.comcomabc.fr/wp-content/uploads/2015/04/2017-RPQS-REGIE-VALLENAY-ST-LOUP-ST-BAUDEL-UZAY.pdf;;2017;AC
https://www.comcomabc.fr/wp-content/uploads/2015/04/2017-RPQS-LEVET.pdf;levet;2017;EP
https://www.comcomabc.fr/wp-content/uploads/2015/04/2017-RPQS-LIGNIERES.pdf;lignieres;2017;AC
https://www.comcomabc.fr/wp-content/uploads/2015/04/2017-RPQS-PRINCIPAL-CHATEAUNEUF-VENESMES-ST-SYMPHORIEN-LAPAN-CORQUOY.pdf;chateauneuf sur cher;2017;AC
https://www.comcomabc.fr/wp-content/uploads/2015/04/2016-RPQS-REGIE-VALLENAY-ST-LOUP-ST-BAUDEL-UZAY.pdf;;2016;AC
https://www.comcomabc.fr/wp-content/uploads/2015/04/2016-RPQS-PRINCIPAL-CHATEAUNEUF-VENESMES-ST-SYMPHORIEN-LAPAN-CORQUOY.pdf;chateauneuf sur cher;2016;AC
https://www.comcomabc.fr/wp-content/uploads/2015/04/2016-RPQS-LIGNIERES.pdf;lignieres;2016;AC
https://www.comcomabc.fr/wp-content/uploads/2015/04/2016-RPQS-LEVET.pdf;;2016;AC
https://www.comcomabc.fr/wp-content/uploads/2015/04/2015-RPQS-ASS-REGIE-VALLENAY-ST-LOUP-DES-CHAUMES-ST-BAUDEL-UZAY-LE-VENON.pdf;;2015;AC
https://www.comcomabc.fr/wp-content/uploads/2015/04/2015-RPQS-PRINCIPAL-CHATEAUNEUF-VENESMES-ST-SYMPHORIEN-LAPAN-CORQUOY.pdf;chateauneuf sur cher;2015;AC
https://www.comcomabc.fr/wp-content/uploads/2015/04/2015-RPQS-LIGNIERES.pdf;lignieres;2015;AC
https://www.comcomabc.fr/wp-content/uploads/2015/04/2015-RPQS-LEVET.pdf;;2015;EP
https://www.comcomabc.fr/wp-content/uploads/2012/02/RapportAvecHistorique-LEVET.pdf;levet;2013;AC
https://www.comcomabc.fr/wp-content/uploads/2012/02/RapportAvecHistorique-principal-chateauneuf-Venesmes-St-Symphorien.pdf;villecelin;2013;AC
https://www.comcomabc.fr/wp-content/uploads/2012/02/RPQS-DEFINITIF-LEVET.pdf;levet;;AC
https://www.comcomabc.fr/wp-content/uploads/2012/02/RPQS-DEFINITIF-LIGNIERES.pdf;;2012;AC
https://www.comcomabc.fr/wp-content/uploads/2012/02/RPQS-DEFINITIF-PRINCIPAL-St-Symphorien-Chateauneuf-Venesmes.pdf;st symphorien;2012;AC
https://www.comcomabc.fr/wp-content/uploads/2012/02/Rapport-PQS-2011-principal.pdf;st symphorien;2011;AC
https://www.arlysere.fr/prod/wp-content/uploads/2021/09/RPQS-NDB-2020.pdf;notre dame de bellecombe;2020;EP
https://www.arlysere.fr/prod/wp-content/uploads/2021/09/RPQS-SAISIES-2020.pdf;;2020;EP
https://www.grandchambord.fr/wp-content/uploads/2022/06/RPQS-2020.pdf;courmemin;2020;AC
https://www.grandchambord.fr/wp-content/uploads/2021/01/RPQS-2019.pdf;courmemin;2019;AC
https://www.grandchambord.fr/wp-content/uploads/2020/12/RPQS-2018.pdf;bauzy;2018;ANC
https://www.grandchambord.fr/wp-content/uploads/2020/12/RPQS-2017.pdf;;2017;ANC
https://www.capissoire.fr/wp-content/uploads/2023/02/RPQS__assainissement_collectif___Antoingt_2021_20221129_134452.pdf;antoingt;2021;AC
https://www.capissoire.fr/wp-content/uploads/2023/02/RPQS__assainissement_collectif___Anzat-le-Luguet_2021_20221129_144927.pdf;anzat le luguet;2021;AC
https://www.capissoire.fr/wp-content/uploads/2023/02/RPQS__assainissement_collectif___Apchat_2021_20221129_140211.pdf;;2021;AC
https://www.capissoire.fr/wp-content/uploads/2023/02/RPQS__assainissement_collectif___Ardes_sur_Couze_2021_20221129_140450.pdf;;2021;AC
https://www.capissoire.fr/wp-content/uploads/2023/02/RPQS__assainissement_collectif___Augnat_2021_20221129_140629.pdf;augnat;2021;AC
https://www.capissoire.fr/wp-content/uploads/2023/02/RPQS__assainissement_collectif___Auzat-la-Combelle_2021_20221129_141027.pdf;auzat la combelle;2021;AC
https://www.capissoire.fr/wp-content/uploads/2023/02/RPQS__assainissement_collectif___Beaulieu_2021_20221129_141235.pdf;beaulieu;2021;AC
https://www.capissoire.fr/wp-content/uploads/2023/02/RPQS__assainissement_collectif___Boudes_2021_20221129_141537.pdf;boudes;2021;AC
https://www.capissoire.fr/wp-content/uploads/2023/02/RPQS__assainissement_collectif___Brassac-les-Mines_2021_20221129_141655.pdf;brassac les mines;2021;AC
https://www.capissoire.fr/wp-content/uploads/2023/02/RPQS__assainissement_collectif___Chadeleuf_2021_20221129_142142.pdf;chadeleuf;2021;AC
https://www.capissoire.fr/wp-content/uploads/2023/02/RPQS__assainissement_collectif___Chalus_2021_20221129_142358.pdf;chalus;2021;AC
https://www.capissoire.fr/wp-content/uploads/2023/02/RPQS__assainissement_collectif___Champagnat-le-Jeune_2021_20221129_142503.pdf;champagnat le jeune;2021;AC
https://www.capissoire.fr/wp-content/uploads/2023/02/RPQS__assainissement_collectif___Champeix_2021_20221129_142624.pdf;champeix;2021;AC
https://www.capissoire.fr/wp-content/uploads/2023/02/RPQS__assainissement_collectif___Charbonnier-les-Mines_2021_20221129_142718.pdf;charbonnier les mines;2021;AC
https://www.capissoire.fr/wp-content/uploads/2023/02/RPQS__assainissement_collectif___Chidrac_2021_20221129_142824.pdf;chidrac;2021;AC
https://www.capissoire.fr/wp-content/uploads/2023/02/RPQS__assainissement_collectif___Clemensat_2021_20221129_142934.pdf;;2021;AC
https://www.capissoire.fr/wp-content/uploads/2023/02/RPQS__assainissement_collectif___Collanges_2021_20221129_143038.pdf;collanges;2021;AC
https://www.capissoire.fr/wp-content/uploads/2023/02/RPQS__assainissement_collectif___Coudes_2021_20221129_143208.pdf;coudes;2021;AC
https://www.capissoire.fr/wp-content/uploads/2023/02/RPQS__assainissement_collectif___Courgoul_2021_20221129_143306.pdf;courgoul;2021;AC
https://www.capissoire.fr/wp-content/uploads/2023/02/RPQS__assainissement_collectif___Egliseneuve-des-Liards_2021_20221129_143431.pdf;egliseneuve des liards;2021;AC
https://www.capissoire.fr/wp-content/uploads/2023/02/RPQS__assainissement_collectif___Esteil_2021_20221129_143941.pdf;;2021;AC
https://www.capissoire.fr/wp-content/uploads/2023/02/RPQS__assainissement_collectif___Gignat_2021_20221129_144546.pdf;gignat;2021;AC
https://www.capissoire.fr/wp-content/uploads/2023/02/RPQS__assainissement_collectif___Jumeaux_2021_20221129_145102.pdf;jumeaux;2021;AC
https://www.capissoire.fr/wp-content/uploads/2023/02/RPQS__assainissement_collectif___La_Chapelle-sur-Usson_2021_20221129_145212.pdf;la chapelle sur usson;2021;AC
https://www.capissoire.fr/wp-content/uploads/2023/02/RPQS__assainissement_collectif___Lamontgie_2021_20221129_150706.pdf;lamontgie;2021;AC
https://www.capissoire.fr/wp-content/uploads/2023/02/RPQS__assainissement_collectif___Le_Breuil-sur-Couze_2021_20221129_150803.pdf;le breuil sur couze;2021;AC
https://www.capissoire.fr/wp-content/uploads/2023/02/RPQS__assainissement_collectif___Le_Vernet-Chameane_2021_20221129_150908.pdf;;2021;AC
https://www.capissoire.fr/wp-content/uploads/2023/02/RPQS__assainissement_collectif___Les_Pradeaux_2021_20221129_151044.pdf;les pradeaux;2021;AC
https://www.capissoire.fr/wp-content/uploads/2023/02/RPQS__assainissement_collectif___Ludesse_2021_20221129_151718.pdf;ludesse;2021;AC
https://www.capissoire.fr/wp-content/uploads/2023/02/RPQS__assainissement_collectif___Meilhaud_2021_20221129_152011.pdf;meilhaud;2021;AC
https://www.capissoire.fr/wp-content/uploads/2023/02/RPQS__assainissement_collectif___Montaigut-le-Blanc_2021_20221129_152126.pdf;montaigut le blanc;2021;AC
https://www.capissoire.fr/wp-content/uploads/2023/02/RPQS__assainissement_collectif___Montpeyroux_2021_20221129_152226.pdf;montpeyroux;2021;AC
https://www.capissoire.fr/wp-content/uploads/2023/02/RPQS__assainissement_collectif___Moriat_2021_20221129_152404.pdf;moriat;2021;AC
https://www.capissoire.fr/wp-content/uploads/2023/02/RPQS__assainissement_collectif___Neschers_2021_20221129_152611.pdf;neschers;2021;AC
https://www.capissoire.fr/wp-content/uploads/2023/02/RPQS__assainissement_collectif___Nonette-Orsonnette_2021_20221129_152711.pdf;nonette orsonnette;2021;AC
https://www.capissoire.fr/wp-content/uploads/2023/02/RPQS__assainissement_collectif___Pardines_2021_20221129_152827.pdf;;2021;AC
https://www.capissoire.fr/wp-content/uploads/2023/02/RPQS__assainissement_collectif___Parentignat_2021_20221129_152933.pdf;parentignat;2021;AC
https://www.capissoire.fr/wp-content/uploads/2023/02/RPQS__assainissement_collectif___Plauzat_2021_20221129_153310.pdf;plauzat;2021;AC
https://www.capissoire.fr/wp-content/uploads/2023/02/RPQS__assainissement_collectif___Saint-Babel_2021_20221129_153415.pdf;;2021;AC
https://www.capissoire.fr/wp-content/uploads/2023/02/RPQS__assainissement_collectif___Saint-Cirgues-sur-Couze_2021_20221129_153521.pdf;;2021;AC
https://www.capissoire.fr/wp-content/uploads/2023/02/RPQS__assainissement_collectif___Saint-Etienne-sur-Usson_2021_20221129_153636.pdf;;2021;AC
https://www.capissoire.fr/wp-content/uploads/2023/02/RPQS__assainissement_collectif___Saint-Floret_2021_20221129_153735.pdf;;2021;AC
https://www.capissoire.fr/wp-content/uploads/2023/02/RPQS__assainissement_collectif___Saint-Genes-la-Tourette_2021_20221129_153833.pdf;;2021;AC
https://www.capissoire.fr/wp-content/uploads/2023/02/RPQS__assainissement_collectif___Saint-Germain-Lembron_2021_20221129_154219.pdf;;2021;AC
https://www.capissoire.fr/wp-content/uploads/2023/02/RPQS__assainissement_collectif___Saint-Gervazy_2021_20221129_154327.pdf;;2021;AC
https://www.capissoire.fr/wp-content/uploads/2023/02/RPQS__assainissement_collectif___Saint-Jean-en-Val_2021_20221129_154428.pdf;;2021;AC
https://www.capissoire.fr/wp-content/uploads/2023/02/RPQS__assainissement_collectif___Saint-Jean-Saint-Gervai_2021_20221129_154545.pdf;;2021;AC
https://www.capissoire.fr/wp-content/uploads/2023/02/RPQS__assainissement_collectif___Saint-Martin-d_Ollieres_2021_20221129_154647.pdf;;2021;AC
https://www.capissoire.fr/wp-content/uploads/2023/02/RPQS__assainissement_collectif___Saint-Quentin-sur-Sauxi_2021_20221129_154802.pdf;;2021;AC
https://www.capissoire.fr/wp-content/uploads/2023/02/RPQS__assainissement_collectif___Saint-Remy-de-Chargnat_2021_20221129_154859.pdf;;2021;AC
https://www.capissoire.fr/wp-content/uploads/2023/02/RPQS__assainissement_collectif___Saint-Vincent_2021_20221129_155031.pdf;;2021;AC
https://www.capissoire.fr/wp-content/uploads/2023/02/RPQS__assainissement_collectif___Saint-Yvoine_2021_20221129_155205.pdf;;2021;AC
https://www.capissoire.fr/wp-content/uploads/2023/02/RPQS__assainissement_collectif___Saurier_2021_20221129_155329.pdf;saurier;2021;AC
https://www.capissoire.fr/wp-content/uploads/2023/02/RPQS__assainissement_collectif___Sauvagnat-Sainte-Marthe_2021_20221129_155427.pdf;;2021;AC
https://www.capissoire.fr/wp-content/uploads/2023/02/RPQS__assainissement_collectif___Sauxillanges_2021_20221129_155610.pdf;sauxillanges;2021;AC
https://www.capissoire.fr/wp-content/uploads/2023/02/RPQS__assainissement_collectif___Solignat_2021_20221129_160040.pdf;solignat;2021;AC
https://www.capissoire.fr/wp-content/uploads/2023/02/RPQS__assainissement_collectif___Sugeres_2021_20221129_160152.pdf;;2021;AC
https://www.capissoire.fr/wp-content/uploads/2023/02/RPQS__assainissement_collectif___Tourzel-Ronzieres_2021_20221129_160307.pdf;;2021;AC
https://www.capissoire.fr/wp-content/uploads/2023/02/RPQS__assainissement_collectif___Usson_2021_20221129_160407.pdf;usson;2021;AC
https://www.capissoire.fr/wp-content/uploads/2023/02/RPQS__assainissement_collectif___Varennes-sur-Usson_2021_20221129_160510.pdf;varennes sur usson;2021;AC
https://www.capissoire.fr/wp-content/uploads/2023/02/RPQS__assainissement_collectif___Verrieres_2021_20221129_160620.pdf;;2021;AC
https://www.capissoire.fr/wp-content/uploads/2023/02/RPQS__assainissement_collectif___Vichel_2021_20221129_160717.pdf;vichel;2021;AC
https://www.capissoire.fr/wp-content/uploads/2023/02/RPQS__assainissement_collectif___Villeneuve_2021_20221129_160826.pdf;villeneuve;2021;AC
https://www.capissoire.fr/wp-content/uploads/2023/02/RPQS__assainissement_collectif___Vodable_2021_20221129_160932.pdf;;;AC
https://syndicat-eau-anjou.fr/wp-content/uploads/sites/520/2022/10/RPQS_2021_Vf_compressed.pdf;;2021;EP
https://syndicat-eau-anjou.fr/wp-content/uploads/sites/520/2022/10/sea-rapport-activite-a4-32pages_web-3Mo_compressed.pdf;;2;EP
https://syndicat-eau-anjou.fr/wp-content/uploads/sites/520/2022/10/RPQS_2020_valide_compressed.pdf;;2020;EP
https://syndicat-eau-anjou.fr/wp-content/uploads/sites/520/2021/02/SEA-RPQS-2018_compressed.pdf;;201;EP
https://syndicat-eau-anjou.fr/wp-content/uploads/sites/520/2021/02/SEA-RPQS-2017.pdf;;2017;EP
https://www.autrans-meaudre.fr/wp-content/uploads/2023/05/2022_BZ310_MEAUDRE_EAU_V1.pdf;;2022;EP
https://www.autrans-meaudre.fr/wp-content/uploads/2023/05/2022_BZ570_AUTRANS_EAU_V1.pdf;;2022;EP
https://www.autrans-meaudre.fr/wp-content/uploads/2023/05/2022_BZ571_AUTRANS_ASST_V1.pdf;;2022;AC
https://www.autrans-meaudre.fr/wp-content/uploads/2023/07/RPQS__assainissement_collectif___Autrans_2022_20230704_081343.pdf;autrans meaudre en vercors;2022;AC
https://www.autrans-meaudre.fr/wp-content/uploads/2023/07/RPQS__assainissement_collectif___Meaudre_2022_20230704_081449.pdf;autrans meaudre en vercors;2022;AC
https://www.autrans-meaudre.fr/wp-content/uploads/2023/07/RPQS__eau_potable___Autrans_2022_20230703_155812.pdf;autrans meaudre en vercors;2022;EP
https://www.autrans-meaudre.fr/wp-content/uploads/2023/07/RPQS__eau_potable___Meaudre_2022_20230704_081018.pdf;autrans meaudre en vercors;2022;EP
https://www.autrans-meaudre.fr/wp-content/uploads/2023/07/RPQS__eau_potable___Trou_qui_Souffle_2022_20230705_100424.pdf;autrans meaudre en vercors;2022;EP
https://www.autrans-meaudre.fr/wp-content/uploads/2022/06/2021_BZ520_SIAM_EAU_V1.pdf;;2021;EP
https://www.autrans-meaudre.fr/wp-content/uploads/2022/11/RPQS__assainissement_collectif___Meaudre_2021_20221006_162149.pdf;autrans meaudre en vercors;2021;AC
https://www.autrans-meaudre.fr/wp-content/uploads/2022/11/RPQS__assainissement_collectif___Autrans_2021_20221006_162154.pdf;autrans meaudre en vercors;2021;AC
https://www.autrans-meaudre.fr/wp-content/uploads/2022/11/RPQS__eau_potable___Autrans_2021_20221027_093126.pdf;autrans meaudre en vercors;;EP
https://www.autrans-meaudre.fr/wp-content/uploads/2022/11/RPQS__eau_potable___Meaudre_2021_20221027_093130.pdf;autrans meaudre en vercors;2021;EP
https://www.autrans-meaudre.fr/wp-content/uploads/2022/11/RPQS__eau_potable___Trou_qui_Souffle_2021_20221006_160907.pdf;autrans meaudre en vercors;;EP
https://www.autrans-meaudre.fr/wp-content/uploads/2021/10/2020_BZ520_SIAM_EAU_V1.docx.pdf;;2020;EP
https://www.autrans-meaudre.fr/wp-content/uploads/2022/11/RPQS__assainissement_collectif___Autrans_2020.pdf;autrans meaudre en vercors;2020;AC
https://www.autrans-meaudre.fr/wp-content/uploads/2022/11/RPQS__assainissement_collectif___Meaudre_2020.pdf;autrans meaudre en vercors;2020;AC
https://www.autrans-meaudre.fr/wp-content/uploads/2022/11/RPQS__eau_potable___Autrans_2020.pdf;autrans meaudre en vercors;2020;EP
https://www.autrans-meaudre.fr/wp-content/uploads/2022/11/RPQS__eau_potable___Meaudre_2020.pdf;autrans meaudre en vercors;2020;EP
https://www.autrans-meaudre.fr/wp-content/uploads/2022/11/RPQS__eau_potable___Trou_qui_Souffle_2020.pdf;autrans meaudre en vercors;2020;EP
https://www.autrans-meaudre.fr/wp-content/uploads/2021/10/RPQS__assainissement_collectif___Autrans_2019_2021.pdf;autrans meaudre en vercors;2019;AC
https://www.autrans-meaudre.fr/wp-content/uploads/2021/10/RPQS__assainissement_collectif___Meaudre_2019_2021.pdf;autrans meaudre en vercors;2019;AC
https://www.autrans-meaudre.fr/wp-content/uploads/2021/10/RPQS__eau_potable___Autrans_2019_20210115_093741.pdf;autrans meaudre en vercors;2019;EP
https://www.autrans-meaudre.fr/wp-content/uploads/2021/10/RPQS__eau_potable___Meaudre_2019_20210115_093805.pdf;autrans meaudre en vercors;2019;EP
http://www.autrans-meaudre.fr/wp-content/uploads/2019/10/RPQS__Autrans-_assainissement_collec_2018.pdf;autrans meaudre en vercors;2018;AC
http://www.autrans-meaudre.fr/wp-content/uploads/2019/10/RPQS__Meaudre-_assainissement_collec_2018.pdf;autrans meaudre en vercors;2018;AC
http://www.autrans-meaudre.fr/wp-content/uploads/2019/10/RPQS__Autrans-_eau_potable_2018.pdf;autrans meaudre en vercors;2018;EP
https://www.eauguadeloupe.com/_files/ugd/24f9a9_37629c827d084315877bc624b60a9cc9.pdf;pointe a pitre;20192024;AC
https://www.o2bray.fr/wp-content/uploads/2022/12/rpqs__assainissement_non_collectif_2021.pdf;;2021;ANC
https://www.ccdp.fr/wp-content/uploads/2022/09/2022-78-ANNEXE-RPQS-2021.pdf;morville;2021;ANC
https://www.ccdp.fr/wp-content/uploads/2022/09/2021-75-ANNEXE-RPQS-2020-derniere-version-AM_compressed.pdf;yevre la ville;2017;ANC
https://www.ccdp.fr/wp-content/uploads/2022/09/2020-112-ANNEXE-RPQS-2019.pdf;;2019;ANC
https://www.ccdp.fr/wp-content/uploads/2022/09/2019-118-ANNEXE-RPQS-2018.pdf;bouzonville aux bois;2018;ANC
https://www.ccdp.fr/wp-content/uploads/2022/09/2018-117-ANNEXE-RPQS-2017.pdf;yevre la ville;2017;ANC
https://www.paysdelarbresle.fr/wp-content/uploads/2019/09/RAPPORT-ACTIVITE%E2%95%A0%C3%BC-2018-web.pdf;l arbresle;2018;AC
https://www.paysdelarbresle.fr/wp-content/uploads/2021/09/RAPPORT-ACTIVITE-2020.pdf;fleurieux sur l arbresle;2020;ANC
https://www.paysdelarbresle.fr/wp-content/uploads/2020/10/RAPPORT-ACTIVITES-CCPA-2019.pdf;;2019;ANC
http://www.paysdelarbresle.fr/wp-content/uploads/2018/12/CCPA-Rapport-2017-web.pdf;;2017;ANC
http://sarcey-69.fr/wp-content/uploads/sites/659/2018/02/2018-RPQS_AC.pdf;sarcey;2018;AC
https://www.paysdelarbresle.fr/wp-content/uploads/2022/10/delcc_16122_annexe-RPQS_-DSP-SARCEY.pdf;sarcey;20212;AC
http://sarcey-69.fr/wp-content/uploads/sites/659/2021/12/2020-RPQS_AC.pdf;;20202;AC
http://sarcey-69.fr/wp-content/uploads/sites/659/2020/10/2019-RPQS-AC_Sarcey.pdf;;2019;AC
http://sarcey-69.fr/wp-content/uploads/sites/659/2017/12/2016_-_RPQS_AC5917.pdf;sarcey;2016;AC
https://www.paysdelarbresle.fr/wp-content/uploads/2022/10/delcc_16022_annexe-RPQS-ANC_2021.pdf;tarare;2020;ANC
http://www.paysdelarbresle.fr/wp-content/uploads/2018/12/CCPA_Rapport_spanc_2017.pdf;;2017;ANC
http://sarcey-69.fr/wp-content/uploads/sites/659/2020/10/2019-RPQS_SPANC.pdf;;2019;ANC
http://sarcey-69.fr/wp-content/uploads/sites/659/2020/10/2019-RPQS-SIERT.pdf;vindry sur turdine;2019;EP
http://sarcey-69.fr/wp-content/uploads/sites/659/2022/10/RPQS-AEP-2021-SIERT-ok.pdf;fontaines sur saone;2021;EP
http://sarcey-69.fr/wp-content/uploads/sites/659/2018/02/2020-RPQS-SIERT.pdf;vindry sur turdine;2020;EP
http://sarcey-69.fr/wp-content/uploads/sites/659/2017/12/RPQS2016_SIERT3540.pdf;anse;2016;EP
http://sarcey-69.fr/wp-content/uploads/sites/659/2018/08/RPQS-2017-SIERT.pdf;fontaines sur saone;2017;EP
http://sarcey-69.fr/wp-content/uploads/sites/659/2018/02/2018-RPQS-SIERT.pdf;fontaines sur saone;2018;EP
https://valencedagen.fr/wp-content/uploads/2021/11/2021_10_19-RPQS-2020-visé.pdf;valence;2020;AC
https://valencedagen.fr/wp-content/uploads/2017/10/2020_10_12-RPQS-vise.pdf;;2019;AC
https://valencedagen.fr/wp-content/uploads/2017/10/RPSQ-2018-VISE.pdf;valence;2018;AC
https://valencedagen.fr/wp-content/uploads/2017/10/2018_10_19-RPQS-2017-visé.pdf;valence;2017;AC
https://valencedagen.fr/wp-content/uploads/2017/10/RPQS_SMEP_Malause-2016.pdf;malause;2016;EP
https://www.saco-assainissement.fr/upload/document/0015/211123-121103-rpqs-2019.pdf;;2019;ANC
https://www.saco-assainissement.fr/upload/document/0014/191015-041000-rpqs-2018.pdf;;2018;ANC
https://www.saco-assainissement.fr/upload/document/0014/180731-120727-rpqs-2017.pdf;;2017;ANC
https://www.saco-assainissement.fr/upload/document/0014/170908-010907-rpqs-2016-web.pdf;;2016;ANC
https://www.saco-assainissement.fr/upload/document/0013/160727-020730-rpqs-2015.pdf;les granges;2015;AC
https://www.saco-assainissement.fr/upload/document/0012/160119-120128-rapport-activite-saco-2014.pdf;;2014;ANC
https://www.saco-assainissement.fr/upload/document/0009/140707-100731-saco-rpqs-web-r.pdf;;2013;ANC
https://www.saco-assainissement.fr/upload/document/0015/211005-111016-saco-rac-reglement-service-maj-2021.pdf;;2021;ANC
https://www.saco-assainissement.fr/upload/document/0009/140318-050359-reglement-spanc-saco.pdf;;20132018;ANC
https://reseau11.com/wp-content/uploads/2021/03/RPQS-RéSeau11-2019.pdf;;2019;EP
https://reseau11.com/wp-content/uploads/2021/06/RPQS-2020_ReSeau11-1.pdf;carcassonne;2020;EP
https://reseau11.com/wp-content/uploads/2022/10/RPQS-2021_RéSeau11-1.pdf;carcassonne;2021;EP
https://reseau11.com/wp-content/uploads/2021/06/Lettre-dinformation-Gayraud-2021.pdf;villemoustaussou;2021;EP
https://sieccao.fr/wp-content/uploads/2023/01/RPQS-2021_VF.pdf;;2021;AC+EP
https://sieccao.fr/wp-content/uploads/2022/01/RPQS-2020_VF.pdf;;2020;EP
https://sieccao.uniondesmairesduvaldoise.fr/wp-content/uploads/2021/04/RPQS-2019.pdf;asnieres sur oise;2019;EP
https://sieccao.uniondesmairesduvaldoise.fr/wp-content/uploads/2021/04/D2-09-2019-RPQS-2018_VF.pdf;asnieres sur oise;2018;EP
https://sieccao.uniondesmairesduvaldoise.fr/wp-content/uploads/2021/04/D4-10-2018-A-RPQS-2017.pdf;orry la ville;2017;EP
https://sieccao.uniondesmairesduvaldoise.fr/wp-content/uploads/2020/07/RPQS-2016.pdf;;2016;EP
https://sieccao.uniondesmairesduvaldoise.fr/wp-content/uploads/2020/07/RPQS-2015.pdf;;2015;EP
https://sieccao.uniondesmairesduvaldoise.fr/wp-content/uploads/2020/07/RPQS-2014.pdf;;2014;EP
https://sieccao.uniondesmairesduvaldoise.fr/wp-content/uploads/2020/07/RPQS-2013.pdf;orry la ville;;EP
https://sieccao.uniondesmairesduvaldoise.fr/wp-content/uploads/2020/07/RPQS_SIECCAO_2012.pdf;;2012;EP
https://sieccao.uniondesmairesduvaldoise.fr/wp-content/uploads/2020/07/RPQS-2011.pdf;;2011;EP
https://www.s2e77.fr/wp-content/uploads/2021/12/2020_RPQS_S2e77.pdf;;2020;EP
http://www.siaepa-yerville.fr/wp-content/uploads/2013/05/RPQS-SMAEPA-YERVILLE-ASST-2020.pdf;yerville;2020;AC
http://www.siaepa-yerville.fr/wp-content/uploads/2013/05/RPQS-SMAEPA-YERVILLE-ANC-2020.pdf;yerville;2020;ANC
http://www.siaepa-yerville.fr/wp-content/uploads/2013/05/RPQS-SMAEPA-YERVILLE-EAU-2019.pdf;yerville;2019;EP
http://www.siaepa-yerville.fr/wp-content/uploads/2013/05/RPQS-SMAEPA-YERVILLE-ASST-2019.pdf;yerville;2010;AC
http://www.siaepa-yerville.fr/wp-content/uploads/2013/05/RPQS-SMAEPA-YERVILLE-AEP-2018.pdf;yerville;2018;EP
http://www.siaepa-yerville.fr/wp-content/uploads/2013/05/RPQS-SMAEPA-YERVILLE-ASST-2018.pdf;yerville;2017;EP
http://www.siaepa-yerville.fr/wp-content/uploads/2013/05/RPQS-SMAEPA-YERVILLE-ANC-2018.pdf;yerville;2018;ANC
http://www.siaepa-yerville.fr/wp-content/uploads/2013/05/RPQS-SMAEPA-YERVILLE-ASST-2017.pdf;yerville;2017;EP
http://www.siaepa-yerville.fr/wp-content/uploads/2013/05/RPQS-SMAEPA-YERVILLE-ANC-2017.pdf;yerville;2017;ANC
http://www.siaepa-yerville.fr/wp-content/uploads/2013/05/RPQS-SMAEPA-YERVILLE-ASST-2016.pdf;flamanville;2016;AC
http://www.siaepa-yerville.fr/wp-content/uploads/2013/05/RPQS-SMAEPA-YERVILLE-ANC-2016.pdf;yerville;2016;ANC
http://www.siaepa-yerville.fr/wp-content/uploads/2013/05/RPQS-ASST-2015-SMAEPA-YERVILLE.pdf;yerville;2015;AC
http://www.siaepa-yerville.fr/wp-content/uploads/2013/05/RPQS-ANC-2015-SMAEPA-YERVILLE.pdf;yerville;2015;ANC
http://www.siaepa-yerville.fr/wp-content/uploads/2013/05/RPQS-EAU-2014.pdf;yerville;2014;EP
http://www.siaepa-yerville.fr/wp-content/uploads/2013/05/RPQS-Assainissement-2014.pdf;yerville;2014;AC
http://www.siaepa-yerville.fr/wp-content/uploads/2013/05/RPQS-ANC-2014.pdf;yerville;2014;ANC
http://www.siaepa-yerville.fr/wp-content/uploads/2013/05/RPQS-1013-EAU.pdf;bourdainville;2013;EP
http://www.siaepa-yerville.fr/wp-content/uploads/2013/05/RPQS-2013-ASSAINISSEMMENT.pdf;yerville;2013;AC
http://www.siaepa-yerville.fr/wp-content/uploads/2013/05/RPQS-2013-ANC.pdf;yerville;2013;ANC
http://www.siaepa-yerville.fr/wp-content/uploads/2013/05/Eau-2012.pdf;yerville;2012;EP
http://www.siaepa-yerville.fr/wp-content/uploads/2013/05/Assainissement-2012.pdf;yerville;2012;AC
http://www.siaepa-yerville.fr/wp-content/uploads/2013/05/ANC-2012.pdf;yerville;2012;ANC
https://www.rlv.eu/fileadmin/mediatheque/Vivre_et_se_deplacer/Eau_et_assainissement/Qualite_du_service/RPQS_2021.pdf;;2021;AC+EP
https://www.rlv.eu/fileadmin/mediatheque/Vivre_et_se_deplacer/Eau_et_assainissement/Qualite_du_service/RPQS_2020.pdf;;2021;AC+EP
https://www.sydeval.fr/wp-content/uploads/2022/08/RPQS-AC-2019.pdf;;2019;AC
https://www.sydeval.fr/wp-content/uploads/2022/08/RPQS-AC-2018.pdf;;2018;AC
https://www.sydeval.fr/wp-content/uploads/2022/08/RPQS-AC-2017.pdf;;2017;AC
https://www.sydeval.fr/wp-content/uploads/2022/10/PV_-5_-04_-2022.pdf;thyez;2022;AC
https://www.sydeval.fr/wp-content/uploads/2023/01/PV_-4_10_2022.pdf;marignier;2021;AC
https://www.sydeval.fr/wp-content/uploads/2022/07/PV-_29-_06_-2017_-THYEZ.pdf;;290617;AC
https://www.sydeval.fr/wp-content/uploads/2022/07/PV_-28_-09_-2021.pdf;;2021;AC
https://www.sydeval.fr/wp-content/uploads/2022/07/PV_2013_03_26.pdf;marignier;;ANC
https://www.sydeval.fr/wp-content/uploads/2022/07/PV_2014_06_26.pdf;nancy sur cluses;;AC
http://www.chateauneufdegadagne.fr/uploads/media/actualites/RPQS SDV 2019.pdf;;2007675;EP
https://www.ccmirecourtdompaire.fr/wp-content/uploads/2018/10/RPQS-Assainissement-collectif-2017.pdf;ville sur illon;2017;AC
https://www.s-rb.fr/wp-content/uploads/2022/09/rpqs-eau-2021.pdf;;2021;EP
https://www.s-rb.fr/wp-content/uploads/2022/09/rpqs-assainissement-collectif-2021.pdf;contamine sur arve;2021;AC
https://www.s-rb.fr/wp-content/uploads/2022/09/rpqs-assainissement-non-collectif-2021.pdf;ville en sallaz;2021;ANC
https://www.saintmartindesnoyers.fr/wp-content/uploads/2020/10/RPQS__assainissement_collectif_2019_MAJ-JUIL-20-1.pdf;;2019;AC
https://www.saintmartindesnoyers.fr/wp-content/uploads/2022/12/RPQS__assainissement_collectif_2021_20221024_163345.pdf;;2021;AC
https://siep-jurancon.fr/wp-content/uploads/rapport-annuel-sur-le-prix-et-la-qualite-du-service-public-de-l-eau-potable-smep-de-la-region-de-jurancon-2021.pdf;jurancon;2021;EP
https://siep-jurancon.fr/wp-content/uploads/rapport-delegataire-eau-potable-smep-de-la-region-de-jurancon-2019.pdf;jurancon;2019;EP
https://www.siaepfr.fr/wp-content/uploads/2023/07/RPQS__SIAEP-FR_eau_potable_2022_final_PDF.pdf;rambouillet;2022;EP
https://www.siaepfr.fr/wp-content/uploads/2023/03/RPQS_2021.pdf;rambouillet;2021;EP
https://www.siaepfr.fr/wp-content/uploads/2023/03/RPQS-2019.pdf;rambouillet;2019;EP
https://www.siaepfr.fr/wp-content/uploads/2023/03/RPQS_2018.pdf;conde sur vesgre;2018;EP
https://www.siaepfr.fr/wp-content/uploads/2023/03/RPQS_2017.pdf;rambouillet;2017;EP
https://www.siaepfr.fr/wp-content/uploads/2023/03/RPQS_2016.pdf;rambouillet;2016;EP
https://www.siaepfr.fr/wp-content/uploads/2023/03/RPQS_2015.pdf;rambouillet;2015;EP
https://www.siaepfr.fr/wp-content/uploads/2023/03/RPQS_2014.pdf;;2014;EP
https://www.siaepfr.fr/wp-content/uploads/2023/03/RPQS_2013.pdf;rambouillet;2013;EP
https://www.siaepfr.fr/wp-content/uploads/2023/03/RPQS-2012.pdf;adainville;20132012;EP
https://www.siaepfr.fr/wp-content/uploads/2023/03/RPQS-2011.pdf;adainville;2009;EP
https://www.siaepfr.fr/wp-content/uploads/2023/03/RPQS-2010.pdf;adainville;2009;EP
https://www.sddea.fr/wp-content/uploads/2022/09/RPQS-EP-2021.pdf;;2021;AC
https://www.sddea.fr/wp-content/uploads/2022/09/RPQS-AC-2021.pdf;;2021;AC
https://www.sddea.fr/wp-content/uploads/2022/09/Evolution-perimetre-2022.pdf;;72022;AC
https://www.sddea.fr/wp-content/uploads/2021/10/RPQS-EP-web.pdf;buxieres sur arce;2020;AC+EP
https://www.sddea.fr/wp-content/uploads/2021/10/RPQS-AC-web.pdf;;2021;AC+EP
https://www.sddea.fr/wp-content/uploads/2021/10/RPQS-ANC-web.pdf;;2020;AC
https://www.sddea.fr/wp-content/uploads/2021/10/Evolution-perimetre-web.pdf;;222021;AC
https://www.sddea.fr/wp-content/uploads/2020/11/20200821_RAPP_RPQS-SDDEA-EP_2019_Vnum.pdf;champignol lez mondeville;2019;EP
https://www.sddea.fr/wp-content/uploads/2020/11/20201008_RAPP_RPQS-SDDEA-AC_2019_Vnum.pdf;beaulieu;2019;AC
https://www.sddea.fr/wp-content/uploads/2020/11/20201008_RAPP_RPQS-SDDEA-ANC-2019_Vnum.pdf;;2019;ANC
https://www.sddea.fr/wp-content/uploads/2020/01/20190912_RAPP_RPQS-SDDEA-AC_2018_VNUMcorr.pdf;montpothier;2018;AC+EP
https://www.sddea.fr/wp-content/uploads/2020/01/20190101_STAT_Evolution_transferts_SDDEA_VNUM.pdf;;42019;AC
https://www.sddea.fr/wp-content/uploads/2020/06/20190912_RAPP_RPQS-SDDEA-AC_2018_VNUM.pdf;troyes;2018;AC
https://www.sddea.fr/wp-content/uploads/2020/06/20190101_STAT_Evolution_transferts_SDDEA_VNUM.pdf;;42019;AC
https://www.sddea.fr/wp-content/uploads/2020/06/20180828_RAPP_RPQS-SDDEA-AC_2017_num.pdf;;2017;AC
https://www.sddea.fr/wp-content/uploads/2020/06/20180914_RAPP_RPQS-SDDEA-ANC-2017_num.pdf;;2017;ANC
https://www.sddea.fr/wp-content/uploads/2020/06/20180701_STAT_Evolution_transferts_SDDEA_num.pdf;;202018;ANC
https://www.sddea.fr/wp-content/uploads/2020/06/20170828_RAPP_RPQS-SDDEA-EP-2016_VF.pdf;;2016;EP
https://www.sddea.fr/wp-content/uploads/2020/06/20170823_RAPP_RPQS-SDDEA-AC-2016_VF.pdf;;2017;AC+EP
https://valencedagen.fr/wp-content/uploads/2020/10/DELIB-2020_10_12.pdf;;;Not defined
https://valencedagen.fr/wp-content/uploads/2020/10/Visite-courante-de-lautosurveillance-VALENCE_D_AGEN_COMMUNALE-07_08_2019.pdf;montauban;72019;Not defined
https://reseau11.com/wp-content/uploads/2021/03/Statuts-de-RéSeau11-Arrêté-interpréfectoral-du-09.12.2020.pdf;;;Not defined
https://reseau11.com/wp-content/uploads/2021/05/Lettre-dinformation-Maquens.pdf;;4.1.3;Not defined
https://www.agglo-lepuyenvelay.fr/wp-content/uploads/2022/09/annuaire-des-sports-2022-1.pdf;brives charensac;52;Not defined
https://siep-jurancon.fr/wp-content/uploads/rapport-delegataire-eau-potable-smep-de-la-region-de-jurancon-2022.pdf;;;Not defined
https://siep-jurancon.fr/wp-content/uploads/rapport-annuel-sur-le-prix-et-la-qualite-du-service-public-de-l-eau-potable-smep-de-la-region-de-jurancon-2022.pdf;;2022;Not defined
https://siep-jurancon.fr/wp-content/uploads/rapport-delegataire-eau-potable-smep-de-la-region-de-jurancon-2021.pdf;;;Not defined
https://siaepdoreallier.fr/wp-content/uploads/2022/10/RPQS-2021.pdf;;2021;Not defined
https://www.douarnenez-communaute.fr/wp-content/uploads/2021/10/DE-89-2021-RPQS-Dechets-2020.pdf;;2020;Not defined
https://www.siaepfr.fr/wp-content/uploads/2023/03/RPQS-2020.pdf;rambouillet;2020;Not defined
https://cauvicourt-cingal.suisse-normande.com/wp-content/uploads/2019/09/RPQS-2018-Syndicat-dAssainissement.pdf;;;Not defined
https://www.sydeval.fr/wp-content/uploads/2022/10/RPQS-TDD-2021.pdf;;;Not defined
https://www.sydeval.fr/wp-content/uploads/2022/08/RPQS_TDD_2020.pdf;;;Not defined
https://www.sydeval.fr/wp-content/uploads/2022/08/RPQS-TD-2019-projet.pdf;;2019;Not defined
https://www.sydeval.fr/wp-content/uploads/2022/08/RPQS-TD-2018-.pdf;marignier;2018;Not defined
https://www.sydeval.fr/wp-content/uploads/2022/08/RPQS-TDD-2017.pdf;marignier;2017;Not defined
https://www.sydeval.fr/wp-content/uploads/2022/08/RPQS-traitement-des-dechets-2016.pdf;;;Not defined
https://www.sydeval.fr/wp-content/uploads/2022/08/RPQS_TD_2015.pdf;;;Not defined
https://www.sydeval.fr/wp-content/uploads/2022/10/RPQS-AC-2021.pdf;;;Not defined
https://www.sydeval.fr/wp-content/uploads/2022/08/RPQS_AC_2020.pdf;;;Not defined
https://www.sydeval.fr/wp-content/uploads/2022/08/RPQS-Assainissement-2016.pdf;;;Not defined
https://www.sydeval.fr/wp-content/uploads/2022/08/RPQS-ASSAINISSEMENT-2015.pdf;;;Not defined
https://www.sydeval.fr/wp-content/uploads/2022/07/ppa_20120305.pdf;;2012;Not defined
https://www.sydeval.fr/wp-content/uploads/2022/07/GUIDE-TRI-2018-vierge.pdf;;85;Not defined
https://www.sydeval.fr/wp-content/uploads/2022/07/Cluses_Guide-Compost-neutre-05042017.pdf;cluses;2008;Not defined
https://www.sydeval.fr/wp-content/uploads/2022/07/GUIDE-STEP-2018-2019-.pdf;;2005;Not defined
https://www.sydeval.fr/wp-content/uploads/2022/07/guide-dechetterie-part-CCFG.pdf;;2015;Not defined
https://www.sydeval.fr/wp-content/uploads/2022/07/GUIDE-COMPOSTAGE-ETABLISSEMENT-SCOLAIRE.pdf;;2013;Not defined
https://www.sydeval.fr/wp-content/uploads/2022/07/AP-nPAIC-2015-0064-du-3-décembre-2015-NOx-IED-.pdf;;;Not defined
https://www.sydeval.fr/wp-content/uploads/2022/10/PV_2016_03_08.pdf;;;Not defined
https://www.sydeval.fr/wp-content/uploads/2022/10/PV_2016_12_07.pdf;;;Not defined
https://www.sydeval.fr/wp-content/uploads/2022/07/PV-_30_-03_-2021.pdf;;;Not defined
https://www.sydeval.fr/wp-content/uploads/2022/10/PV_2016_09_27.pdf;;;Not defined
https://www.sydeval.fr/wp-content/uploads/2022/07/PV_2014_02_26.pdf;chatillon sur cluses;;Not defined
https://www.sydeval.fr/wp-content/uploads/2022/07/PV_2015_03_25.pdf;;;Not defined
https://www.sydeval.fr/wp-content/uploads/2022/07/PV_-24_09_2019_MARCELLAZ.pdf;scionzier;2019;Not defined
https://www.sydeval.fr/wp-content/uploads/2022/07/PV_2014_09_23.pdf;;;Not defined
https://www.s-rb.fr/wp-content/uploads/2022/09/rpqs-eau-st-jeoire-rapport-suez-2021.pdf;;2021;Not defined
https://www.sddea.fr/wp-content/uploads/2022/09/RPQS-ANC-2021.pdf;;2022;Not defined
https://www.sddea.fr/wp-content/uploads/2020/11/20200106_STAT_Evolution_transferts_SDDEA.pdf;;2019;Not defined
https://www.sddea.fr/wp-content/uploads/2020/01/20190814_RAPP_RPQS-SDDEA-ANC-2018_VNUM.pdf;;2018;Not defined
https://www.sddea.fr/wp-content/uploads/2020/06/20190814_RAPP_RPQS-SDDEA-ANC-2018_VNUM.pdf;;2018;Not defined
https://www.sddea.fr/wp-content/uploads/2020/06/20170823_RAPP_RPQS-SDDEA-ANC-2016_VF.pdf;;2017;Not defined
https://www.saintmartindesnoyers.fr/wp-content/uploads/2023/01/HORS-SERIE-ST-MARTIN-2023-2-site-internet.pdf;;2023;Not defined
https://www.smed06.fr/wp-content/uploads/2022/10/RPQS-2021_VF.pdf;;62021;Not defined
https://www.smed06.fr/wp-content/uploads/2021/10/SMED_RPQS_2020-basse-def.pdf;;20202020;Not defined
https://www.smed06.fr/wp-content/uploads/2020/10/SMED_RPQS_2019_BASSE_DEF.pdf;;2019;Not defined
https://www.smed06.fr/wp-content/uploads/2019/12/SMED_RPQS_2018_BASSE_DEF.pdf;;2018;Not defined
https://www.smed06.fr/wp-content/uploads/2018/10/SMED-RPQS-2017_VWEB_FINALE.pdf;cannes;2017;Not defined
https://www.smed06.fr/wp-content/uploads/2017/10/SMED-RPQS-2016-BASSE-DEF.pdf;cannes;2016;Not defined
https://www.smed06.fr/wp-content/uploads/2017/11/SMED-RAPPORT-2015-définitif.pdf;mandelieu la napoule;2015;Not defined
https://www.smed06.fr/wp-content/uploads/2015/07/RPQS-SMED-2014-VWEBFINALE.pdf;;;Not defined
https://www.smed06.fr/wp-content/uploads/2015/01/Rapport_annuel_SMED_2013.pdf;carros;2012;Not defined
https://www.smed06.fr/wp-content/uploads/archives/Bilan_harmonise_SMED_2012.pdf;carros;2013;Not defined
https://www.smed06.fr/wp-content/uploads/archives/Bilan_harmonise_SMED_2011.pdf;carros;2012;Not defined
https://www.smed06.fr/wp-content/uploads/archives/Bilan_harmonise_SMED_2010.pdf;le broc;2009;Not defined
